"Date","mkt_excess","FFInd1","FFInd2","FFInd3","FFInd4","FFInd5","FFInd6","FFInd7","FFInd8","FFInd9","FFInd10","FFInd11","FFInd12","FFInd13","FFInd14","FFInd15","FFInd16","FFInd17","FFInd18","FFInd19","FFInd20","FFInd21","FFInd22","FFInd23","FFInd24","FFInd25","FFInd26","FFInd27","FFInd28","FFInd29","FFInd30","FFInd31","FFInd32","FFInd33","FFInd34","FFInd35","FFInd36","FFInd37","FFInd38","FFInd39","FFInd40","FFInd41","FFInd42","FFInd43","FFInd44","FFInd45","FFInd46","FFInd47","FFInd48","FFInd49"
19700102,0.0118,0.0305,0.0083,0.0018,0.0043,0,0.0227,0.022,-4e-04,-0.0025,0.0216,-0.002,-0.0034,-0.003,0.0167,0.0319,0.0205,0.0125,0.0233,0.0268,0.0325,0.0153,0.0137,0.0272,0.0314,0.0215,0.0387,0.0318,0.0259,0.0206,0.0178,0.0163,0.0166,0.01,0.0197,0.0035,0.0706,0.0186,0.0024,0.0159,-0.0031,0.0368,0.0218,0.0013,0.0162,0.0041,0.0161,0.0388,0.0089,0.0484
19700105,0.0059,0.0367,0.0071,-0.0068,0.0037,0.0138,0.003,-0.0047,-0.0026,7e-04,0.0245,-0.0243,-0.0089,7e-04,0.0068,0.018,0.0106,0.0057,-0.0044,0.0027,0.0087,0.0112,-0.0015,-0.0026,0.0172,0.0149,0.0043,0.0016,0.0148,0.0097,0.0103,0.0126,0.0241,-2e-04,-0.0013,0.01,-0.011,-0.0036,0.0147,0.0079,0.0046,0.0153,0.0133,-0.0045,0.0025,0.0042,0.0165,0.0249,-0.0013,0.0507
19700106,-0.0074,0.0138,-0.0038,0.0032,0.0012,5e-04,-0.0173,-2e-04,-0.0091,-0.0104,-0.008,-0.0084,0.0066,-0.0071,-0.0058,-6e-04,-0.0048,-0.0146,-0.0118,-0.0125,-0.0163,-0.009,-0.0114,-0.0115,-0.0098,-0.0188,-0.0156,-0.0016,-0.0129,-0.0211,-0.0101,-0.0101,2e-04,-0.0075,-0.0102,-0.0026,-0.0667,-0.0103,-0.0071,-3e-04,0.0025,-0.0093,-0.0078,0.0027,-0.0122,-0.0073,-0.0096,-0.0206,-0.0095,-5e-04
19700107,-0.0015,0.0037,8e-04,0.001,0.0115,0.0017,0.0063,0.0079,-0.0057,0.004,0.0021,-0.0085,0.0026,5e-04,-0.0046,0.0029,0.0017,0,0.0014,-7e-04,-0.0147,-0.0059,3e-04,-0.0069,0.002,0.0063,-3e-04,0.0024,0.0031,0,-0.0079,-0.0036,-0.0013,-0.0065,-0.0026,-4e-04,0.0476,0.0019,0.0018,-0.0053,0.0041,-0.0019,0.0013,0.0043,0.0018,-0.0011,-0.0032,-0.0019,-0.004,0.0199
19700108,4e-04,0.0015,-8e-04,-0.0021,-0.0018,-0.0166,-0.0083,0.0036,-0.0024,0.0061,0.0078,-0.002,0.0032,0.0075,-0.0027,-0.0018,-2e-04,0.0031,-0.0091,0.0082,-0.0169,-0.0023,-0.0051,-0.0046,-0.0044,0.0162,-0.0169,-0.0117,0.0124,0.0089,-0.0031,0.0018,-0.0053,-0.0036,6e-04,0.003,0.0455,0.0037,0.0037,-0.0021,0.0055,-0.0066,-0.0055,0.0014,-8e-04,0.0093,0.0043,-0.007,-5e-04,-0.0189
19700109,-0.0031,-0.0146,0.001,7e-04,-0.0055,-0.0383,-0.0018,0.0037,-0.0049,7e-04,-0.0013,0.0023,0.0034,0.004,-0.001,-0.0095,0.0028,-0.0095,-0.0123,-0.0036,0.0092,-0.006,-0.0035,-0.007,-0.0106,0.0071,-0.0065,-0.016,-0.0083,0.026,-0.0085,-5e-04,-2e-04,-0.0039,-0.005,-0.0012,0.0217,-0.0031,-0.0012,-0.0067,-0.0035,-0.0042,-0.0088,6e-04,-0.0053,0.0025,-0.0037,0.0112,-0.0051,-0.037
19700112,-0.008,-0.011,-0.0038,0.0055,-0.0072,-0.032,-0.015,-0.0031,-0.0099,-0.0071,-0.0036,0,-0.0072,-0.0021,-0.007,-0.0027,-0.0089,-0.0057,-0.009,-0.0163,-0.0141,-0.0096,-4e-04,-0.017,-0.0098,-0.0093,-0.0033,-0.0089,-0.0134,-0.0111,-0.0094,-0.0019,-0.0076,-0.0142,-0.0055,-0.0048,-0.0532,-0.0149,6e-04,-0.0084,-0.0023,-0.0117,-0.0173,-0.0048,-0.0184,-5e-04,-0.0061,-0.0201,-0.009,-0.0111
19700113,5e-04,-0.0112,0.0039,0.0048,-1e-04,0.0076,-0.0173,-5e-04,-0.0045,0.0044,-0.0023,0.0305,0.0122,-3e-04,-0.0044,-0.0073,0.0022,8e-04,-0.0034,-0.0029,-0.0125,-0.0016,-0.0051,-0.003,-0.0182,-0.0125,-0.0117,0.0015,0.0069,0.0072,-0.0033,-0.0014,-0.0031,-0.0122,0,0.017,-0.0337,0.0022,-0.001,-0.0043,-2e-04,-0.0089,0.0129,0.0032,-0.005,-0.0021,-0.0053,-0.0161,0.0029,-0.0278
19700114,-0.0025,-0.0241,-0.0032,0.0035,0.0067,-0.0059,-0.0066,0.013,-0.0045,0.0028,-0.0076,0.0194,0.0017,0.0024,-0.0041,-0.0089,-0.007,-0.0086,-0.0135,-0.0076,-0.0098,-0.0024,-0.0112,0.0033,-0.0204,-0.0046,-0.0126,0.0093,-0.006,0.0028,-0.007,-0.0072,-1e-04,-0.0078,0.0013,-5e-04,-0.1395,-0.0089,0.0018,-0.002,0.0091,-0.0011,-0.0046,0.0044,-0.0044,0.0016,-0.009,-0.0076,-0.0041,-0.0083
19700115,-4e-04,0.0318,0.0024,0.0039,-9e-04,0.0184,0.0041,-0.0089,0.0014,0.0088,-0.0034,0.0398,-0.0067,0,-8e-04,0.0017,-0.0052,-7e-04,-0.0021,-0.0021,-0.0152,-0.0039,-0.0093,-0.0037,-0.0107,-0.0137,-0.01,0.0186,-6e-04,0.0067,-0.0067,-0.006,-0.0059,-3e-04,-0.0039,0.0173,0,-4e-04,0.0041,-0.0075,-0.0115,-9e-04,0.0041,-0.0037,-0.0041,-0.0034,0,0.0034,-0.0021,0.0024
19700116,-0.0082,4e-04,0.0052,0.0039,-0.0086,0.0174,7e-04,-0.0054,-0.0044,-0.0066,-0.0114,-0.0086,-0.0114,3e-04,-0.0067,-0.0045,-0.0026,-0.0096,7e-04,-0.0043,-0.0014,-0.0048,-0.0015,-0.0117,-0.0128,0.0074,-0.0154,-0.0229,0.0024,-0.0063,-0.0073,-0.0027,0.001,-0.0142,-0.0076,-0.0311,0.027,-0.0132,-0.0126,-0.0135,-0.0059,-0.0042,-0.0061,-0.0013,-0.0087,-0.0149,-0.0095,-0.0038,-0.011,-0.0117
19700119,-0.0131,-0.0036,-0.0074,0.003,7e-04,0.0039,-0.0161,-0.0193,-0.0142,-0.0222,-0.0145,-0.0072,-0.0093,-0.0079,-0.008,-0.0044,-0.005,-0.0151,0.0024,-0.0056,0.0045,-0.0034,-0.0129,-0.0054,-0.0089,-0.0098,-0.0119,0.0275,-0.0087,0.003,-0.0047,-0.0051,-0.0087,-0.0319,-0.0091,-0.0477,-0.0395,-0.0139,-0.0084,6e-04,-0.0125,-0.0142,-0.0081,-0.0112,-0.0196,-0.0094,-0.0071,-0.0181,-0.0126,-0.0024
19700120,0.0017,0.0406,0.0012,0.0057,-0.0018,-0.0069,0.0147,0.0055,-3e-04,-0.0056,-0.0015,0.0214,0.0131,0.0036,-4e-04,0.0026,0.0034,-7e-04,-0.0024,0.0023,0.0322,0.0014,0.0058,0.0041,0.0076,0.0012,-0.0054,0.0043,0.0023,0.0087,-0.0015,-0.0021,-4e-04,-0.002,0.01,0.0191,0,0.0027,0.003,-4e-04,0.0054,-2e-04,0.0033,-0.0039,0.0051,-0.0056,0.0043,0.0044,8e-04,0.0194
19700121,6e-04,-0.0015,0.0021,0.005,0.0076,0.0031,0.0049,-0.0011,0.0054,0.0042,0.0053,-0.0071,0.0045,0.0052,0.0049,0.0046,0.0032,0.0015,-0.0086,0.005,0.0178,0,-0.0055,0.0064,-0.0049,-0.0035,0.0074,5e-04,-2e-04,0.0072,-0.0019,-0.0024,-6e-04,-0.0136,0.0022,-0.0034,0.0274,-0.0023,-0.0066,0.0033,-2e-04,0.0035,0.0073,0.0022,0.0076,-0.0062,-5e-04,0.0029,8e-04,0.0101
19700122,0.0011,-0.0089,0.0089,0.0018,0.0038,0.0102,0.012,-0.0105,0.0051,-0.0037,-0.001,0.0091,0.0011,5e-04,0.005,0.0116,0.0011,0.012,-0.0226,0.0013,0.0199,0.0049,0.013,-0.001,8e-04,0.0025,0.0061,-0.0045,8e-04,0.0224,0.0013,0.0018,-0.0101,0.0104,-0.0065,0.0015,-0.0267,-0.0014,-0.0038,-0.0052,0.0045,9e-04,0.0036,0.003,0.0054,-0.0075,0.0034,0.0022,-5e-04,-0.0121
19700123,-0.0106,-0.0335,-0.007,-0.0164,0.0029,-0.0101,-0.0055,-0.0079,-0.0176,-0.0147,-0.0074,0.0116,-0.0093,-0.0056,-0.013,-0.0034,-0.0032,-0.0186,-0.0033,-0.0096,-0.0153,-0.0122,-0.0069,-0.0124,-0.0261,0.0017,-0.0051,-0.0253,-0.01,-0.0049,-0.0164,-0.0058,2e-04,-0.0106,-0.0119,-0.0044,-0.0411,-0.0154,-0.0083,-0.0132,-0.0088,-0.0153,-0.0135,-0.0065,-0.0083,-0.0064,-0.0185,-0.023,-0.0157,-0.0153
19700126,-0.0113,0.0101,-0.016,-0.0085,-0.0117,-0.0245,-0.0069,0.0032,-0.016,-0.0058,-0.0131,-0.0274,-0.0285,-0.0208,-0.0133,-0.0078,-0.0144,-0.0137,-0.0149,-0.0161,-0.0326,-0.0155,-0.0038,-0.0066,-0.0071,-0.0107,-0.0171,-8e-04,-0.0117,-0.0397,-0.006,-0.0041,-0.0061,-0.0137,-0.0097,-0.0194,-0.0571,-0.0098,-0.0128,-0.0094,-0.0062,-0.017,-0.0172,-0.01,-0.0144,-0.004,-0.0192,-0.0204,-0.0151,-0.0174
19700127,-0.0067,-0.0066,-0.002,-0.0066,0.0011,0,-0.0022,-0.0146,-0.0096,0.0045,-0.0077,-0.0159,-0.0151,-0.0092,-0.0058,-0.0015,-0.0074,-0.0031,-0.0126,-0.0076,-0.0077,-6e-04,-0.006,-0.0045,-0.0139,-0.0031,-0.0084,-0.001,-0.003,-0.0256,-0.0078,-0.0056,-0.0096,0.0026,-0.0026,-0.008,-0.0303,-2e-04,-0.0165,-0.0041,-0.0262,-0.0079,-0.0105,-0.0091,-0.0173,-0.0111,-0.0136,-0.0082,-0.0074,0.0074
19700128,-0.0099,-0.0043,-0.0074,0.0111,-0.0104,-0.0041,-0.0144,-0.0065,-0.013,-0.0019,-0.0115,-0.0135,-0.0322,-0.0098,-0.0055,-0.0238,-0.0059,-0.0031,-0.0099,-0.0024,0.0057,-0.0015,-0.0073,-0.0081,-0.006,0.0029,0.0134,-0.0072,-0.0081,0.0021,-0.0223,-0.0055,-0.0216,-0.0061,-0.0062,-0.0119,-0.0781,-0.0112,-0.0095,-0.0104,-0.006,-0.0035,-0.0158,-0.0086,-0.0069,-0.0062,0.0055,-0.0062,-0.0066,-0.0103
19700129,-0.0133,-0.0284,-0.0105,-0.0161,-0.0076,-0.0034,-0.019,-0.0227,-0.0096,-0.0157,-0.0109,-0.0467,-0.0183,-0.0143,-0.0143,-0.0149,-0.02,-0.0129,-0.0087,-0.0065,-0.0127,-0.0115,-0.0133,-0.0165,-0.0225,-0.0172,-0.0104,0.0131,-0.0088,-0.0032,-0.0198,-0.0061,0.0038,-0.0365,-0.0219,-0.0118,-0.1186,-0.015,-0.0132,-0.0181,-0.0182,-0.015,-0.0246,-0.0105,-0.0191,-0.0152,-0.0314,-0.0206,-0.0061,-0.0096
19700130,-0.0088,-0.0069,-0.0066,-0.0258,-0.0013,-0.0048,-0.02,-0.0102,-0.0033,-0.011,-0.0044,-0.0066,-0.0133,-0.0069,-0.0055,-0.0081,-0.0081,-0.0128,-0.0068,-0.0063,-4e-04,-0.0105,0.0087,-0.0093,-0.016,-0.011,-0.0169,0.0058,-0.0012,-0.0126,-0.0075,-0.0054,0.0095,-0.1152,-0.0247,-0.0144,0.1538,-0.013,-0.0079,8e-04,-0.0186,-0.0136,-0.0072,-0.0092,-0.027,-0.005,-0.006,-0.0317,-0.0101,-0.0238
19700202,0.0082,0.0034,0.0087,0.0033,-0.0042,0.0063,0.0026,0.0202,-0.0042,0.0021,-0.0036,0.0041,0.0286,0.0054,0.0038,0.005,0.0065,0.0147,2e-04,0.0073,0.0151,0.0091,0.0097,0.0061,0.0113,-0.006,0.0055,-0.0117,0.0122,-0.0122,0.0049,0.0092,0.017,-0.0291,0.0023,0.0198,0.0667,0.0289,0.0063,-4e-04,0.0058,0.009,0.0102,0.0087,0.0027,0.0067,0.0137,-0.0532,0.0047,0.0183
19700203,0.0126,0.0188,0.0094,0.0261,0.0058,0.0164,0.0027,0.0189,-0.0116,0.0138,0.0062,0.0285,0.0182,0.021,0.0129,0.0079,0.0159,0.0262,0.0088,0.0152,0.0182,0.014,0.0233,0.0181,0.0257,0.0082,0.0205,0.0085,0.0033,0.0412,0.0146,0.0105,0.0054,0.0135,0.0136,0.0029,0.0312,0.0102,-7e-04,0.0043,0.0157,0.0066,0.0181,0.0156,0.022,0.0171,0.0107,0.0154,0.0276,0.006
19700204,-0.0074,0.0064,0.0011,-0.0026,-0.0025,-0.0093,-0.0208,-0.004,-0.0069,-0.0075,-0.0066,-0.0479,-0.0267,-0.0041,-0.0067,-0.0053,-0.0128,-0.0075,-0.0218,-0.0054,0.0111,-0.0117,-0.0042,0.0018,-0.0222,-3e-04,-0.0078,-0.0226,-0.0085,-0.0019,-0.0047,-3e-04,-0.0055,-0.0154,-0.0135,-0.0168,-0.0455,-0.027,-0.0192,-0.0023,-0.0164,-0.0065,-0.0188,0.0029,-0.0064,-0.003,-9e-04,-0.0249,-0.0105,-0.0233
19700205,-0.0041,-0.0063,-0.0049,-6e-04,-0.0012,-0.0674,-0.0328,-0.0088,-0.0063,-0.001,-0.0092,-0.1094,0.0179,0.0037,-0.0085,-0.0066,3e-04,0.0018,-0.0046,-0.0073,-0.013,-0.0057,-0.0058,0.0018,-0.0111,-0.0155,-0.0107,-0.0085,-0.0026,-0.0118,-0.0101,-0.0035,-0.0034,-0.0164,-0.0129,0.0041,0.0317,-0.0083,-0.0103,-0.0012,-0.0045,-0.0145,-0.0123,-0.0042,-7e-04,0.0055,-0.0049,0.011,-0.004,-0.0149
19700206,0.0059,0.0047,0.003,1e-04,0.0057,-0.0101,0.0259,0.011,0.0043,0.009,-0.002,0.0663,0.0031,0.0102,-0.0015,0.0018,0.0069,0.0028,0.0095,0.0066,0.0167,0.0043,-0.0048,0.0022,0.0038,9e-04,6e-04,0.0061,-0.003,0.011,-0.002,-0.001,0.0109,0.0258,0.0114,0.0173,-0.0154,0.0079,0.0248,0.0142,0.0035,0.0215,0.0069,0.0062,0.0359,0.0077,2e-04,0.0286,0.0058,0.0092
19700209,0.0082,0.0246,0.0032,0.0108,0.0036,-0.0016,0.0025,0.0137,0.0054,0.0094,0.0097,-0.0132,0.0274,0.0142,0.0028,0.0157,0.0067,0.0096,-0.0123,0.0131,0.0068,0.0049,0.0233,0.0051,-0.0218,0.0156,0.0091,0.0077,5e-04,0.0186,0.0014,0.0039,0.0079,-0.0059,0.0164,0.0144,0.0156,0.0102,0.0062,0.0124,0.0072,0.0162,0.0087,0.0066,-0.0055,0.0317,0.0101,0.0083,0.0011,0.0015
19700210,-0.0094,-0.0097,-0.0012,-0.013,-0.0099,-0.0171,-0.0211,-0.0196,-0.0088,-0.0101,-0.006,0.0034,0.0048,-0.0054,-0.0056,-0.0069,-0.0116,-0.0065,-0.0179,-0.0021,0.0055,-5e-04,-0.0036,-0.0085,-0.0161,-0.0016,-0.0052,-0.0084,-0.0033,-0.0232,-0.0239,-0.0034,-0.0053,-0.026,-0.0076,-0.0119,-0.0615,-0.0097,1e-04,-0.0111,-0.0012,-0.0114,-0.0076,-0.0102,-0.0196,-0.0031,7e-04,-0.0118,-0.0102,-0.0397
19700211,0.009,-0.0012,0.0059,0.002,0.0128,0.0291,0.0251,0.0155,-0.001,0.0165,0.0038,0.0183,0.0048,0.0071,3e-04,0.0096,0.0074,0.0111,0.0077,0.0118,0.0092,0.0105,0.0132,0.0073,0.0157,0.01,0.0083,0.002,0.0061,0.0127,-0.0015,0.0054,5e-04,0.0207,0.0134,0.0232,0.1311,0.0155,0.018,0.0077,0.0014,0.0255,0.0072,0.008,0.0062,0.0111,0.0039,0.009,0.0091,-0.0045
19700212,-0.0021,-0.0031,-0.0013,-0.0047,0.0103,0.0105,-0.0105,-0.0085,-8e-04,-0.0095,0.0054,-0.0898,-0.0151,0.0045,-2e-04,0.0086,1e-04,-0.0068,0.0075,-0.0097,0.0219,-1e-04,0.0012,-0.0023,-0.0036,0.0158,0.0069,2e-04,0.0043,-0.0022,-0.0045,0.0021,-0.002,0.0089,-0.0051,-0.0055,0,-7e-04,0.0035,0.0039,0.0078,0.008,0.0085,0.006,-0.0135,-0.0017,0.0112,0.0039,-0.0055,-0.0062
19700213,-0.0018,-0.0017,-1e-04,-0.007,1e-04,0.002,0.0133,0.002,0.0014,-0.0072,0.0072,-0.0032,-0.0083,0.0015,-0.0028,-0.001,-0.0031,4e-04,5e-04,-0.0038,0.0123,-7e-04,-0.0041,9e-04,-0.0114,0.0188,-0.0044,-0.013,-7e-04,0.0238,-0.0066,-1e-04,0.0182,0.008,-0.0029,-0.0086,-0.058,-2e-04,-0.0023,-0.0033,-0.001,-0.0016,0.0032,-0.0023,0.0043,-0.0021,-0.0076,-0.0183,0.001,0.0027
19700216,-7e-04,0.0354,0.0036,-0.0037,0.0052,0.0012,0.0146,0.0014,9e-04,-0.0025,0.0024,-0.0206,-0.0018,-0.001,-2e-04,-5e-04,0.0015,0,0.0133,0.0076,-0.014,0.0014,0.0193,7e-04,-0.0094,0.0151,-0.0102,6e-04,0.004,0.0029,-0.0081,-0.002,-0.0036,-0.0078,0.0026,-8e-04,-0.0462,0.0048,0.0074,-0.008,0.0139,3e-04,0.0024,-0.0023,-0.001,0.0105,7e-04,0.0224,0.0014,-0.0136
19700217,-0.002,0.0027,-0.0012,0.0049,0.0049,-0.006,2e-04,-0.0041,0.0138,-0.0019,4e-04,0.0266,-0.0015,-0.0044,-0.0076,-0.0047,-0.0051,-0.0023,0.0085,0.0075,-0.0242,-0.0042,0.0036,-0.0018,-0.0068,-0.0076,7e-04,-0.0172,0.0055,0.0142,-0.0024,-0.002,0.0027,0.0011,-0.0051,-1e-04,0.2419,-0.0052,-0.0082,-0.004,0.0073,-0.013,0.0038,-0.0087,-0.0095,0.0023,0.0017,-0.0062,-3e-04,-0.0052
19700218,0.0119,0.0048,0.0091,0.001,0.0148,0.014,0.0053,0.0231,0.0061,0.005,0.0097,3e-04,0.0123,2e-04,0.0154,0.0042,0.003,0.007,0.0102,0.0128,0.0073,0.0114,-0.0055,0.0217,0.0289,0.0089,0.0095,0.024,0.0125,0.0218,0.0309,0.0105,0.0064,0.016,0.0084,0.0064,-0.039,0.0102,0.007,0.0064,0.0127,0.0095,0.0148,0.0121,0.0215,0.0249,0.0015,0.0297,0.0098,0.0014
19700219,0.0028,-0.0074,0.0037,4e-04,0.0047,-6e-04,0,-0.0038,9e-04,-0.011,-0.0014,0.0045,-0.0062,6e-04,0.0024,-0.0066,0.0074,0.0039,-0.0143,0.0068,-0.0221,0.0071,0.0069,0.0061,0.0082,-0.003,0.0263,-0.0063,0.0108,-2e-04,0.0213,0.0033,-0.0035,-0.001,0.0029,0.0022,-0.0541,-1e-04,-0.026,0.0012,-0.0022,0.0046,-0.0015,8e-04,0.0099,0.0015,0.0237,-0.0019,0.0087,0.0358
19700220,0.0032,-0.0019,8e-04,0.0058,0.0036,0.0071,0.0049,-0.0015,0.0132,-0.0083,-8e-04,0.011,-0.0087,0.0019,0.0024,-5e-04,-4e-04,0.001,-8e-04,0.0076,0.0122,0.0026,-0.0021,-0.011,0.0172,0.0048,-0.003,0.0151,0.0086,-0.008,0.0271,0.0071,0.0187,0.0011,0.004,-0.0097,-0.0143,0.0055,0.0011,-0.0054,-0.0051,0.0018,-0.0026,5e-04,-4e-04,0.0092,6e-04,-0.0052,0.0027,-0.0108
19700224,-3e-04,0.0138,0.0016,-0.0012,-0.0035,0.0034,0.0118,-0.0057,0.007,-5e-04,0.0011,-0.052,-0.0045,0.0012,-0.0012,-0.0023,0.0045,0.0049,-0.0132,-0.0022,-0.0148,0.0017,-0.0064,-0.0037,0.0052,0.0044,-0.0015,0.005,-0.0047,-0.008,0.011,0.0062,-0.0039,-0.0156,-0.0095,-0.0135,0.0145,0.0045,-0.0018,-0.0035,-0.0034,0.0041,-0.0104,-0.0046,-0.0068,0.0072,0.0132,-0.0047,0.0074,-0.0435
19700225,0.0152,0.0182,0.0087,0.0149,0.0055,0.024,0.0355,0.0252,0.0019,0.0084,0.0074,-0.0051,0.0204,0.0096,0.0183,0.0149,0.0094,0.0256,0.0178,0.0154,0.0096,0.0139,0.0084,0.0265,0.0335,0.0121,0.0134,0.0021,0.0118,0.0153,0.0142,0.0182,0.0107,0.017,0.018,0.0083,0.0857,0.0255,0.0108,0.0115,0.0214,0.027,0.016,0.0131,0.0189,0.0242,0.0037,0.0131,0.0371,0.0354
19700226,-0.0053,-0.0064,3e-04,-0.0075,-0.0015,-0.0058,-0.0095,-0.0064,-0.0078,-0.0066,-0.0057,-0.011,-0.0136,-0.0094,-0.0058,-0.0013,-0.0011,-0.0062,-0.0016,0.0011,-0.0113,1e-04,-0.0025,-0.0118,-0.0111,0.0081,-0.0214,2e-04,0.0038,0.0303,-0.0086,0.0021,-0.0034,-0.0243,-0.0078,-0.0039,-0.0526,-0.0111,-0.0078,0.0022,-0.0017,0.0021,-0.0129,-5e-04,-0.0067,-0.0065,-0.0022,6e-04,-0.017,-0.0232
19700227,0.0069,0.0011,0.0082,0.0102,0.0127,0.0104,0.0109,0.012,-0.0017,0.0052,0.0091,-0.0579,0.0094,-3e-04,0.0195,0.0048,0.0144,0.0127,0.0033,0.015,-0.0039,0.0053,0.012,0.0134,0.008,0.0161,0.0228,0.0091,0.0128,0.0344,1e-04,0.0149,0.0097,0.006,0.0027,-0.0081,-0.0278,0.0034,0.0107,0.0149,0.0056,0.0109,0.006,0.0118,0.0137,0.0034,0.0207,0.0022,0.0099,0.0249
19700302,0.0013,0.0017,0.0046,0.008,0,0.0024,-0.0064,0.0022,-0.0045,0.0065,0.0048,-0.078,-0.0115,-0.0028,0.0104,0.0014,0.0029,0.0026,0.0179,0.0096,0.0065,0.0055,0.0202,0.0077,-0.0124,0.0014,-0.0147,0.005,-0.0048,0.0088,-0.0034,0.0132,0.0067,0.0116,-0.0025,-0.0139,0.0286,-0.0072,-0.0188,0.016,-0.0036,-0.002,0.0033,0.0022,-0.003,-0.0047,0.007,0.0028,-0.0046,-0.0191
19700303,0.0058,-0.0082,0.002,0.0031,0.0075,-7e-04,-0.0081,-0.0027,0.005,0.0155,0.0089,-0.003,0.0053,0.0011,0.0079,-0.0092,0.0033,0.001,0.0177,0.0127,0.0227,0.0036,0.0089,0.0089,0.0116,-0.003,9e-04,0.0227,-0.0033,0.0013,0.0024,0.0103,0.0168,-0.0212,0.0017,-0.0047,0,0.005,0.0022,0.0015,-7e-04,-6e-04,-3e-04,0.0077,-0.0062,0.0075,0.0266,0.01,0.0168,-0.003
19700304,-0.0025,-0.0302,-0.0057,0.0069,-0.0024,-6e-04,-0.0075,-0.0102,-0.0055,-0.0093,0.0075,0.0108,-0.0022,-0.0084,0.0041,-0.0035,-0.0012,-0.005,0.001,0.0035,-0.0014,0.0034,0.0026,0.0096,-0.0012,0.0034,-0.0017,0.0084,-9e-04,-0.0077,-0.0082,0.0052,0.002,-0.0419,-0.0076,-0.0106,-0.0139,-0.0077,0.0025,0.0153,0.0078,-0.0023,-0.0161,0.0031,-8e-04,-0.0121,-7e-04,0.0042,-0.0055,-0.0133
19700305,-2e-04,-0.0052,0.0042,-0.0019,0.0012,-0.0129,0.0056,-0.0059,0.0026,-0.0035,0.0015,0.0488,-0.0045,-0.0058,0.0017,0.0059,0.0017,-0.003,0.0068,-8e-04,0.0066,0.0042,-0.0011,0.0073,0.0147,0.0129,0.0013,0.0095,-6e-04,-0.0058,0.0015,0.005,-3e-04,0.0058,-0.002,-0.0024,0.0141,0.0032,-0.0057,-0.001,-0.0081,0.0041,0.0021,-0.0085,0.0041,0.0047,-0.0127,0.0016,-0.0021,0.0052
19700306,-0.0069,-0.0029,-0.0086,0.0041,-0.0099,-0.0045,-0.015,-0.0151,-0.0016,-4e-04,-0.0012,-0.0071,-0.0165,-0.003,-0.0031,0.0038,-0.0021,-9e-04,-0.0106,-0.0064,-0.0075,-0.0047,-0.0077,-0.0037,-0.0172,-0.0036,-0.002,-0.0255,-0.0074,-0.0375,-0.0087,-0.0039,-0.0034,-0.0028,-0.0084,-0.0143,-0.0278,-0.0128,-0.0063,-0.0071,-0.0063,-0.0072,-0.0108,-0.0077,-0.004,-0.0053,-0.0197,-0.0139,-0.0117,-0.0044
19700309,-0.0108,-0.0317,-0.0065,-0.005,-0.0087,0.006,-0.0204,-0.0252,-0.0032,-0.0102,-0.0083,-0.01,-0.0131,-0.0084,-0.0115,-0.0038,-0.0082,-0.0071,-0.0119,-0.0093,-0.0061,-0.0066,-0.0049,-0.0094,-0.0129,0.0019,-0.0157,4e-04,-0.0099,-0.0392,-0.0103,-0.0053,-0.0069,-0.0209,-0.0143,-0.0239,0,-0.0179,-0.0246,-0.0109,-0.0077,-0.0133,-0.0054,-0.0067,-0.0054,-0.012,-0.0169,-0.0202,-0.0143,-0.0229
19700310,0.0014,-0.036,5e-04,-0.0058,0.0064,-0.0018,0.0074,0.005,-0.0056,0.0065,-0.0034,-0.0348,-0.0018,-0.0063,0.0026,0.0032,-0.0014,-0.0065,5e-04,-0.0013,-0.0076,-0.0015,-0.0134,-0.0065,-0.008,-0.0111,-0.0036,0.0134,-0.002,-5e-04,0.0066,-0.0039,-0.0044,0.0051,-0.0044,0.0248,-0.0286,0.0039,0.0027,-0.0024,0.0044,0.0024,0.0043,0.0024,0.0044,-0.0027,0.0018,0.0019,-9e-04,-0.0031
19700311,-0.0014,0.0255,0.004,-0.0017,-0.0019,-0.0035,1e-04,0.0099,-0.0026,-0.0086,-0.0012,0.0284,-0.0062,-0.0078,-0.0037,-0.0033,0.0016,-0.0035,5e-04,0.0015,-0.0178,0.0033,0.0029,-0.0026,7e-04,-0.0032,7e-04,0.0116,0.005,-0.0031,0.0046,-0.0041,0.0018,8e-04,3e-04,0.0035,-0.0294,-0.0103,-0.0026,-0.0062,-6e-04,-0.0035,-0.0051,-0.002,-0.0061,0.0031,-0.0036,-0.0018,-0.0017,0.0018
19700312,-0.0051,-0.003,-0.0049,-0.0014,-0.0194,4e-04,-0.0155,-0.008,-0.0057,-0.0089,-0.0063,-0.0304,-0.0016,-0.0105,-0.0062,0.0012,0.0025,-0.0064,-0.0182,-0.0071,-0.0049,-0.0059,-0.0026,-0.0017,-0.0156,-0.0018,-0.0093,0.0011,-0.0017,0.0063,0,-0.0064,0.0053,-0.0071,-0.0102,-0.0013,0,-0.0098,-0.0088,0.0016,-0.0031,-0.0113,-0.0017,-0.0063,-0.0166,-0.0034,-0.0086,-0.0114,-0.0024,0.0617
19700313,-0.0063,-0.0092,0.0025,-0.0061,-0.0108,0.0031,-0.0104,-0.0066,-0.0055,-0.0087,-0.0058,-0.0122,-0.0088,-0.0209,-0.0029,-0.0086,-0.0071,-0.0137,-0.0071,-0.0054,-7e-04,-0.002,-0.0014,-0.0032,0.0026,0,-0.0078,-0.0131,-0.0058,0,-0.0043,-0.0018,0.0037,-0.024,-0.0082,-0.0122,-0.0455,-0.0038,-0.0089,-0.0034,-0.0088,-0.0055,-0.0084,-0.0083,-0.0207,-0.0091,0.0094,-0.0161,-0.0032,-0.0181
19700316,-0.0115,-0.0372,-0.0058,-0.0173,-0.0088,0.0027,-0.0075,-0.0205,-0.0164,-0.0138,-0.0135,-0.0187,-0.0168,-0.0114,-0.0133,0.0044,-0.0139,-0.0114,-0.0156,-0.0089,-0.0105,-0.0132,-0.0126,-0.0082,-0.0052,-0.0136,-0.0163,-0.0227,0,-0.0097,-0.0141,-0.0065,-0.016,-0.0226,-0.0058,-0.0119,-0.0317,-0.0144,-0.0069,-0.0096,-0.015,-0.008,-0.0104,-0.0067,-0.0123,-0.0066,-0.0096,-0.0248,-0.0042,-0.0108
19700317,0.0039,-0.002,-5e-04,0.0024,0.0064,0.0013,0.0093,0.0234,-0.0204,0.01,0.001,0.0223,-0.0046,0.0073,0.0041,0.0035,-2e-04,0.0119,0.0131,0.0037,0.0054,0.0045,-0.0021,9e-04,5e-04,-0.0049,0.0128,0.0057,0.0062,0.0017,0.0038,-6e-04,-0.0021,0.0059,0.0049,0.009,0.0164,0.0075,0.0134,0.0019,0.0026,0.0062,0.0047,0.0028,0.0065,0.0017,0.0051,0.021,0.0057,-0.0071
19700318,0.0026,3e-04,0.0018,-0.0199,0.0124,0.0062,-7e-04,0.0062,0.0069,0.0058,0.0032,-0.0032,-0.0045,0.0098,0.0037,7e-04,0.0014,0.0049,0.008,0.0015,-0.0064,0.0055,-0.0022,0.0024,0.001,0.0104,-0.005,-0.0051,0.0047,0.0062,0.0051,0.003,-6e-04,-0.0202,-0.0021,-5e-04,-0.0323,0.0039,-2e-04,0.0049,-5e-04,0.0051,-0.0069,0.0045,0.0019,0.0054,0.0089,0.0054,-0.0058,0.0028
19700319,-0.0029,0.0362,-0.0033,0.0088,-0.0017,-0.0127,-0.0053,-0.0044,0.0071,-0.0077,-0.0074,-0.0151,-0.0056,0.0025,0.0014,-0.0106,0.0062,-0.0059,-0.004,-0.0083,0.0012,4e-04,-0.0022,0.003,-0.0164,-0.0092,0.007,-0.0194,-0.0017,0.0073,-8e-04,0,0.002,-0.006,-0.0097,-0.0016,0,-0.016,-0.0104,-0.0092,-0.0013,-0.0059,-0.0107,-8e-04,-0.0346,-0.0014,-0.0093,-0.0093,3e-04,-0.0132
19700320,-0.0052,-0.0055,-7e-04,-0.0019,-0.0186,-0.0054,-0.0102,-0.0059,-0.0183,-0.0047,1e-04,-0.0183,-0.0016,-0.0107,-0.0031,-0.011,0.0024,-0.0135,-0.0202,-0.0074,-0.0075,-0.0057,-0.0039,-0.0011,-0.0057,-0.0073,-0.0029,-0.0149,-0.0044,-0.0124,7e-04,-6e-04,5e-04,-0.0316,-0.0135,-0.0104,0.0333,-0.008,-0.0093,-0.003,-0.0079,-0.0121,-0.012,-0.004,-0.0167,-0.0015,-0.0028,-0.012,-0.0076,-8e-04
19700323,-0.0014,-0.0185,-0.0015,-0.0053,0.0049,-0.0012,5e-04,-0.0068,7e-04,-0.001,-0.0068,-0.0206,-0.0052,-0.0027,-0.0038,-0.0054,-0.0018,0.0017,0.0028,-0.002,-0.0112,-6e-04,2e-04,0.0081,0.0083,0.0097,-0.002,0.0017,-0.0053,0.0042,-0.0071,-0.0023,7e-04,-0.0136,-3e-04,0.006,-0.0161,0.0011,-0.0076,-0.0055,-0.0061,-7e-04,-0.0093,-0.0057,0.0096,0.0022,-0.0056,-0.007,-0.003,0.0267
19700324,0.0101,0.0094,0.0051,0.0064,0.0029,0.0152,0.0068,0.0127,0.0113,0.0181,0.002,-0.005,0.0076,0.0099,0.0096,0.0071,0.0086,0.0024,0.0029,0.0126,0.0037,0.0061,0.0157,0.0181,0.009,0.0011,-0.0054,-0.0036,0.0018,0.0208,0.0108,0.0067,0.0101,0.0051,0.0085,0.0169,0,0.0117,-1e-04,0.0035,0.0077,0.0093,0.0044,0.0042,0.0069,0.0119,0.0163,0.01,0.0177,0.0149
19700325,0.0214,0.0101,0.0075,0.0082,0.0121,0.0208,0.0358,0.034,0.0154,0.0168,0.0191,0.0659,0.0277,0.0242,0.0178,0.0219,0.0187,0.0302,0.0137,0.0202,0.0478,0.0277,0.0232,0.028,0.0342,0.0139,0.013,0.0035,0.0158,0.0264,0.0258,0.0235,0.0178,0.0372,0.0317,0.0195,0.0492,0.0285,0.0184,0.0176,0.02,0.0223,0.0233,0.0131,0.0269,0.0177,0.0118,0.0511,0.0294,0.0152
19700326,0.001,-0.0071,2e-04,0.003,0.0121,0.0076,0.0023,-0.0061,3e-04,-9e-04,0.0079,0.0044,0.0016,-4e-04,-0.0017,5e-04,0.0062,0.009,0.0012,0.0028,-0.0027,0.0016,9e-04,0.0031,-0.0043,0.0072,0.0163,8e-04,0.0025,0.0071,0.0013,3e-04,-0.0035,-0.0039,0.003,1e-04,0.0156,-7e-04,0.0015,0.012,-0.001,6e-04,9e-04,0.0054,-0.0016,-0.0022,0.002,0.0045,-0.0064,0.0011
19700330,-0.0028,-0.03,-0.0016,0.0042,0.0071,-1e-04,0.0064,0.0096,0.0041,-0.0113,-0.0049,0.0206,0.0012,5e-04,-0.0076,0.0021,-0.0054,7e-04,0.0082,-0.0043,-0.0051,-0.0025,0.0011,-0.0148,-0.0055,0.0018,-0.0114,0.004,-0.0038,-0.0044,-0.0025,-7e-04,-0.0068,0.0111,-4e-04,0.01,0.0154,-0.0044,-0.0101,8e-04,0.0018,-0.0077,-3e-04,0.0027,-0.0049,-0.0048,-0.006,-6e-04,-0.0019,-0.0164
19700331,-5e-04,0.004,0.0014,8e-04,0.0039,-0.0074,0.0055,-0.0097,0.0092,0.0011,-0.0024,0.0527,-0.0038,-0.0043,0.0026,-0.0074,-0.0027,0.0014,-0.001,0.0017,0.0063,0.0038,0.0021,-2e-04,-0.0051,-0.0041,0.0043,0.0067,8e-04,-0.001,-0.0065,-0.0017,-1e-04,0.0204,-0.0044,0.0038,-0.0303,0.0055,-9e-04,-0.0038,0.0036,8e-04,-0.0031,-8e-04,-0.0027,-0.0012,0.0057,-0.0036,0.0024,0.0069
19700401,0.0045,0.0043,2e-04,0.0047,0.0023,6e-04,2e-04,0.0212,0.0089,0.0096,-0.002,-0.026,-0.0046,0.0113,0.0073,0.0028,0.0012,0.005,-2e-04,0.0197,0.0089,0.0045,3e-04,9e-04,-0.0012,0.0016,0.0059,0.001,0.007,0.0021,0.0058,0.0021,-0.0039,0.0225,-0.0024,0.001,0.0156,0.007,0.0087,0.0088,0.0127,0.0083,-0.0023,0.0053,0.0051,0.0015,0.0114,0.0127,0.0093,0.0099
19700402,-0.0039,-0.0119,0.0029,-0.0014,0.0016,-0.0092,-0.0153,-0.0071,0.0054,2e-04,-0.0022,-0.0041,-0.0131,0.0017,0.001,-0.0074,0.0083,-5e-04,-0.0047,0,0.0012,9e-04,-0.0052,-3e-04,-0.0062,0.0025,0.0056,-0.0068,0.0018,-0.0083,-0.004,-3e-04,-0.0114,-0.0014,-0.0012,-0.0185,-0.0308,-0.0081,1e-04,0.0045,0.0037,-0.0053,-0.0078,-0.002,-0.0102,-0.0026,-0.0105,0.0055,-0.0073,-0.0102
19700403,-0.0049,-0.0138,0.0015,-0.0104,-0.0108,-0.0081,-0.0143,-0.0089,0.005,-0.0105,0.0059,-0.0229,-0.0147,-0.0071,-0.0033,-0.0064,1e-04,-0.0029,-0.003,-0.001,-0.0173,6e-04,-0.0034,-0.0049,0.0047,8e-04,0.0093,-0.0054,-0.0056,-0.0127,3e-04,-6e-04,0.0042,-0.0141,-0.0114,-0.0187,0,-0.01,-0.0029,-0.0078,-0.0021,-0.0019,-0.0088,-5e-04,-0.0172,-0.0032,-0.007,-0.0074,-0.0036,0.0048
19700406,-0.0083,-0.0175,-0.0035,-0.0089,-0.0186,0.0027,-0.0125,-0.0271,-0.0112,-0.013,-0.0142,0.0032,-0.022,-0.005,-0.0039,-0.0033,-8e-04,-0.0089,-0.0051,-0.007,-0.0068,-0.0082,-0.0085,-0.0057,-0.0183,0.0015,0.0018,0.01,-0.0093,-0.0101,-0.0033,-0.0026,-0.0018,-0.0189,-0.0264,-0.0196,-0.2063,-0.0118,-0.0337,0.0043,-0.0125,-0.0082,-0.0199,-0.0031,-0.022,-0.0024,-0.0085,-0.0125,-0.0108,-0.023
19700407,-0.0036,-0.0011,-3e-04,0.0058,-0.0072,0.0084,-0.012,-0.0156,-0.013,0.0015,-0.0072,0.0029,-0.0096,-0.0054,0.0025,-0.0044,0.0019,-0.0086,-9e-04,-7e-04,-0.0108,-0.0019,-0.005,0.0045,-0.0069,-0.0016,-0.0036,0.0021,-0.0103,0.0075,-0.0094,-4e-04,-0.001,-0.0147,-0.0145,-0.0029,-0.02,-0.015,-0.0132,0.003,-6e-04,-0.0055,-0.015,-0.0078,0.0012,-0.004,0.0123,-0.0073,-0.0043,-0.0257
19700408,-0.0019,0.0035,-0.0011,-0.0139,0.0027,-0.0052,-0.0039,-0.0245,0.0012,-0.001,-0.0075,0.0015,-0.0042,-5e-04,-0.0018,-0.0124,0.0023,-0.0031,-0.0131,-2e-04,-3e-04,-0.0039,-0.0022,-0.0065,-0.0024,-0.0078,-0.0166,-0.0161,-0.0123,-0.02,-0.0016,-0.002,-0.0049,0.0035,-0.0032,0.0108,-0.0408,-0.007,0.0025,0.0013,-0.0053,1e-04,-0.006,0.0013,-0.0053,-0.0018,-0.0127,-0.0057,-3e-04,-0.0345
19700409,-0.001,0.0043,-9e-04,0.0059,-0.0048,0.0027,-0.0084,0.0111,8e-04,0.002,-0.0024,-0.0219,0.0077,-0.0028,0.0038,-0.0051,0.0039,-0.0019,-0.0077,-0.004,-0.0138,-0.0026,-0.0051,0.0039,-0.0019,0.0052,0.0088,-0.0223,-0.0047,-0.0078,-0.003,-9e-04,0.0022,-0.0211,-0.0027,0.0039,-0.0851,-0.0074,-3e-04,0.0111,0.0025,-0.0032,-0.0105,-0.0069,-0.0239,-0.0042,0.0032,-0.0053,-0.0078,0.0095
19700410,-0.0044,0.0058,-0.0022,-0.0161,-0.0135,-0.0117,-0.0085,-0.0034,0,2e-04,-8e-04,-0.0163,-0.0083,-0.0037,0.005,-0.0069,-0.0113,-0.0039,0.0067,-0.0058,-0.0202,-0.0092,-0.0058,-2e-04,-0.0134,0.0107,-0.0068,-0.0094,-0.0049,-0.0049,-0.011,-0.0028,-0.0167,-0.0169,-0.0047,0.0114,0.0233,-0.0036,-0.0011,-6e-04,-0.0026,-0.0035,-0.0156,-0.0044,-0.018,-0.0064,-0.0048,-0.003,-0.0068,-0.006
19700413,-0.009,-0.0141,-0.0094,-0.0153,-0.0035,-0.0032,-0.0248,-0.0231,-0.0118,-0.0067,-0.0178,-0.0684,-0.0129,-0.0067,-0.0036,-0.0077,-0.0109,-0.008,-0.0147,-0.0096,-0.0086,-0.0072,-0.0131,-0.0118,-0.0072,-0.0013,-0.0187,-0.0035,-0.0139,-0.0234,-0.0085,-0.0045,0.0107,-0.0258,-0.0174,-0.0129,0.0682,-0.0136,-0.0139,-0.0075,-0.0081,-0.0167,-0.0123,-0.0125,-0.0285,-0.0077,-0.0181,-0.026,-0.0123,-0.033
19700414,-0.0086,-0.0329,-0.0069,-0.0083,-0.001,-0.0104,-0.031,-0.0096,-0.03,-0.0118,-0.0036,-0.0218,5e-04,-0.0051,-0.0117,-0.0104,-0.0054,-0.0097,-0.0167,-0.012,-0.0134,-0.0041,0.01,-0.0169,-0.018,-0.0146,-0.001,0.0066,0.0018,-0.0169,-0.0027,-0.0051,-0.0126,-0.0208,-0.0086,-0.0078,-0.0426,-0.0126,-0.0066,-7e-04,-0.0077,-0.0133,-0.0102,-0.0025,-0.0051,-0.0017,-0.0193,-0.0188,-0.0087,-0.0177
19700415,-0.0031,-0.0337,-0.0017,0.0139,2e-04,0.0068,-0.0038,0.0036,-0.0106,-0.0048,-0.0017,0.0101,-0.0044,-0.0052,0,-0.0094,0.0053,7e-04,-0.0037,0.0018,-0.0012,-0.0035,0.006,-0.0021,-0.0012,-0.002,-6e-04,0.0024,-0.0057,0.0092,0.0033,-0.0026,-0.0073,-0.0169,-0.0057,-0.0074,0,-0.0157,-0.0121,-9e-04,-0.0074,0.0028,-0.005,-0.0039,-0.0148,-0.002,0.0044,3e-04,-0.0093,-0.0049
19700416,-0.0114,-0.0538,-0.0048,-0.004,-0.002,-6e-04,-0.0101,-0.0359,-0.0187,-0.0123,-0.0085,-0.0676,-0.0063,-0.0243,-0.0051,-0.0068,-0.0082,-0.0089,-0.0251,-0.0131,-0.0077,-0.0082,-0.015,-0.0056,-0.0049,-0.0052,-0.0048,-0.0044,-0.0182,-0.0398,-0.0106,-0.0045,-0.0112,-0.032,-0.0264,-0.0122,0.0444,-0.0342,-0.0224,-0.0105,-0.0072,-0.0059,-0.0212,-0.0094,-0.006,-0.0083,-0.0193,-0.0256,-0.0051,-0.007
19700417,-0.0033,0.0175,-0.0106,0.0127,0.0018,0.0062,-0.0055,-0.0059,-0.0022,0.0052,-0.0055,-0.0388,0.006,-0.0099,0.0037,-0.0082,0.0039,-0.0077,0.0049,-0.0049,-0.0691,-0.0076,-0.0076,-0.0015,-0.0026,-0.0112,0.0015,-0.0074,-0.0101,-0.0109,-0.0045,-0.0065,-0.0017,-0.0154,-0.0224,0.0035,0,0.0027,-0.0109,0.0021,-0.011,-0.0013,-0.003,-0.0055,-0.0169,-0.0092,-0.0082,0.0092,-0.0075,-0.0081
19700420,0.0022,0.049,-0.0049,-0.0095,-3e-04,0.0038,0.0035,-0.0055,-0.0087,0.0026,-0.0069,-0.0039,0.0075,0.008,0.005,-7e-04,-0.004,0.004,0.0057,0.0054,-0.0093,-0.004,0.006,-5e-04,0.0088,-1e-04,-0.0188,0.0065,-0.0074,0.027,-3e-04,-0.0035,0.0041,0.0219,0.0164,0.0094,-0.0426,0.0136,7e-04,-0.0063,-5e-04,0.0025,-4e-04,-0.0026,0.0064,-6e-04,0.0112,0.0057,0.0041,0.0017
19700421,-0.0057,-0.0026,-0.0042,0.0018,-0.0056,-0.0026,-0.0051,-9e-04,-0.0019,-0.0073,-0.0064,-0.0298,-0.0046,-0.0048,-0.0035,6e-04,-0.0074,-0.0073,-0.0173,-0.0055,0.002,-0.0039,9e-04,-0.0052,-0.0085,-0.0025,-0.0086,-0.018,-0.0021,0.003,-0.0049,-0.0066,0.005,-0.0035,-0.0055,-0.0103,-0.0667,-0.0166,-0.0059,-0.0017,-0.0073,-0.0098,-0.0084,-0.0079,-0.0024,0.002,0.003,-0.0113,-0.0098,-0.0445
19700422,-0.0148,-0.0189,-0.0149,-0.0094,-0.0122,0.0026,-0.0152,-0.021,-0.0076,-0.0193,-0.0152,-0.0205,-0.0175,-0.018,-0.0059,-0.0198,-0.0142,-0.0105,-0.0328,-0.0138,-0.0065,-0.0175,-0.0167,-0.0145,-0.0226,-0.0082,-0.0112,-0.0193,-0.0079,-0.024,-0.0075,-0.0081,-0.0093,-0.0289,-0.0228,-0.0245,-0.1905,-0.0196,-0.027,-0.0076,-0.0184,-0.0155,-0.0324,-0.0108,-0.032,-0.0076,-0.0322,-0.0235,-0.0184,-0.006
19700423,-0.0165,-0.005,-0.0168,-0.0116,-0.0074,-0.0171,-0.0281,-0.0359,-0.0201,-0.0135,-0.0203,-0.0843,-0.032,-0.0181,-0.0132,-0.0283,-0.0095,-0.0162,-0.0299,-0.0207,-0.0176,-0.0134,-0.0306,-0.0152,-0.0254,-0.0318,-0.0338,-0.0172,-0.0213,-0.0207,-0.0102,-0.0128,-0.0171,-0.0375,-0.0219,-0.0153,0.0294,-0.0224,-0.0123,-0.0203,-0.0183,-0.0159,-0.0216,-0.0142,-0.0219,-0.0191,-0.0275,-0.0389,-0.0265,-0.018
19700424,-0.0051,-0.0059,-0.0037,-0.0016,-0.0079,0.0015,-0.0148,-0.0181,-0.0229,-0.0024,-0.0125,-0.0294,-0.0062,0.005,-0.0034,-0.0059,-0.0102,-0.0077,-0.0197,-0.0074,-0.0123,-0.009,0.0019,-0.0068,-0.0108,-0.0081,0.0018,-0.0026,-0.0098,0.0057,-0.0076,-0.0053,0.0051,0.0032,-0.0123,-0.004,0,-0.0089,0.0035,-0.0138,0.0023,-0.0124,-0.0093,-0.0044,-0.0089,-0.0072,-0.0134,-0.0158,-0.0086,-0.002
19700427,-0.0184,-0.0115,-0.0161,-0.0236,-0.0049,-0.0081,-0.0203,-0.0467,-0.0218,-0.0146,-0.0219,-0.0665,-0.0178,-0.0125,-0.0166,-0.0123,-0.0299,-0.0219,-0.0333,-0.0222,-0.03,-0.0227,-0.0166,-0.0189,-0.0341,-0.0118,-0.0065,-0.0509,-0.0247,-0.031,-0.0163,-0.0101,-0.0112,-0.0506,-0.028,-0.0231,0.0857,-0.023,-0.0206,-0.0129,-0.0132,-0.0327,-0.0258,-0.014,-0.0268,-0.0197,-0.0477,-0.0512,-0.0213,-0.0315
19700428,-0.0147,-0.0098,-0.0128,-0.0137,-0.0095,-0.0018,-0.0171,-0.0211,-0.0134,-0.004,-0.0138,-0.0638,-0.0109,-0.0111,-0.0184,-0.0294,-0.0117,-0.0108,-0.0084,-0.0091,-0.0187,-0.017,-0.0153,-0.019,-0.0275,-0.003,-0.0487,-0.0189,-0.0264,0.0052,-0.0133,-0.0068,-0.0182,-0.0564,-0.0245,-0.0315,0.0263,-0.0185,-0.0099,-0.021,-0.0128,-0.0123,-0.0304,-0.0104,3e-04,-0.0148,-0.0146,-0.0208,-0.011,-0.0755
19700429,0.0211,-0.0206,0.0038,0.0181,0,0.0011,0.0264,0.0534,0.0118,0.0253,0.0106,0.1571,0.0482,0.0192,0.0178,0.0106,0.0134,0.0218,-4e-04,0.0162,0.0059,0.024,0.0188,0.033,0.0362,0.0081,0.0228,0.0159,0.0235,0.0157,0.02,8e-04,0.0097,0.0673,0.0156,0.0406,0.0256,0.0431,0.0613,0.0177,0.0098,0.0308,0.0464,0.0126,0.0513,0.0102,0.0451,0.0525,0.0253,0.0657
19700430,-0.004,-0.0207,-0.0045,-0.0047,0.0026,0.0137,0.0015,-0.0147,-3e-04,-0.0068,0.0027,-0.0864,4e-04,-0.0042,0.0013,0.0077,0.0039,3e-04,8e-04,-0.004,-0.0266,-0.0011,0.0205,-0.0017,-0.0083,0.0086,0.0084,0.01,0.0089,-6e-04,-0.0052,-6e-04,-0.0037,-0.0129,-0.0057,-0.0106,0.025,-0.0122,-0.0233,-0.0096,-0.0095,-0.0063,-0.0089,-9e-04,-0.0234,0.0031,-0.0084,-0.016,-0.0042,-0.0715
19700501,-0.0014,0.0049,-0.0039,-0.0069,0.0027,0.0034,-0.0103,-1e-04,-0.0086,-0.0085,-0.0039,0.0112,-0.0032,0.0024,9e-04,-0.0038,-0.0065,-6e-04,0.0072,-0.0102,0.0126,0.0023,0.003,0.0015,0.0148,-0.0056,-1e-04,0.0017,0.0114,0.0105,0.0017,-0.0052,0.0012,-0.015,-0.006,-0.0018,-0.0244,-0.0026,-0.0024,0.0031,0.003,-5e-04,0.0112,9e-04,-0.0016,-0.0033,0.0018,0.011,1e-04,0.0489
19700504,-0.026,-0.0239,-0.0147,-0.0215,-0.0012,-0.0038,-0.0414,-0.0416,-0.0187,-0.0402,-0.02,-0.0827,-0.0372,-0.0205,-0.0226,-0.0367,-0.0208,-0.0221,-0.0362,-0.0229,-0.0314,-0.0214,-0.0208,-0.0177,-0.0324,-0.0436,-0.0343,0.0022,-0.0289,-0.0513,-0.0162,-0.0168,-0.0228,-0.0559,-0.0353,-0.0491,-0.05,-0.0432,-0.0422,-0.0193,-0.0266,-0.0251,-0.0394,-0.0179,-0.0329,-0.0186,-0.0239,-0.0655,-0.038,-0.0515
19700505,-0.0113,-0.0486,-0.019,-0.0303,-0.0141,-0.0109,-0.0167,-0.0238,-0.0218,-0.0104,-0.0165,-0.0243,-0.021,-0.0141,-0.0056,-0.0336,-0.0132,-0.01,-0.0353,-0.0074,-0.0133,-0.0142,-0.0267,-0.0105,-0.0158,-0.0012,-0.0095,0.0148,-0.0084,-0.0049,-0.0047,-0.0061,-0.0131,-0.0089,-0.0301,-2e-04,-0.0263,-0.0176,-0.0308,-0.0175,-0.0117,-0.0177,-0.0231,-0.009,-0.0348,-0.0132,-0.0054,-0.0123,-0.0171,-0.0439
19700506,0.012,-0.0052,0.0049,0.0101,0.0067,0.0139,0.0114,0.038,0.0017,0.014,0.002,0.0236,0.0197,0.0085,0.0197,0.0148,0.0184,0.0057,0.0349,0.0094,0.0271,0.0103,0.0237,0.0101,0.0069,0.0054,0.019,0.0227,0.0155,0.0389,0.0132,0.0072,0.0122,0.0445,0.0192,0.0199,0.027,0.0241,-0.0157,0.0097,0.0096,0.0196,0.0115,5e-04,0.0317,0.0102,0.0017,0.038,0.0149,0.0285
19700507,0.0059,0.0154,0.0075,0.0189,-0.0051,-5e-04,0.0185,0.0189,-0.0045,0.0106,0.0087,-0.0048,0.0202,0.0011,0.0085,0.0088,-0.0033,0.0095,0.0245,0.0074,0.0308,9e-04,0.0103,0.0012,0.0083,0.0029,0.0034,0.045,0.0253,0.017,0.0068,0.0027,0.0125,-0.0065,0.0068,0.0092,-0.0263,-0.0043,0.0075,0.0101,0.015,0.0071,0.0073,-0.0104,0.0039,0.002,0.0074,0.0273,0.008,-0.0351
19700508,-0.0052,-0.0063,-0.0097,0.0062,-5e-04,0.0026,-0.0077,-0.0127,0.0035,-0.0108,-0.0047,-0.0668,-0.0205,-0.0046,-0.0035,-0.0047,-0.0035,-0.0052,-0.0129,6e-04,-0.0026,3e-04,-0.0052,-0.0041,-0.0152,-0.0012,-0.0118,-0.005,0.0071,9e-04,-0.0033,-0.0026,-0.0045,-0.012,-0.0047,-0.0014,-0.027,-0.0068,-0.0129,-0.009,0.0036,-0.0034,-0.0032,-0.0143,-0.0101,-0.0059,-0.0012,-0.0079,-0.0075,0.0304
19700511,-0.0111,-0.004,-0.0124,0.0042,-0.0204,6e-04,-0.0182,-0.0302,-0.0207,-0.0099,-0.0082,-0.0502,-0.0292,-0.008,-0.0109,-0.0093,-0.0099,-0.0152,-0.0302,-0.0114,-0.0111,-0.0129,-0.0152,-0.0061,-0.0234,-0.0056,-0.0012,-0.0212,-0.0161,-0.0275,-0.0057,-0.0046,-0.0069,-0.0156,-0.0083,-0.0187,0.0278,-0.0242,-0.0125,-0.0078,-0.01,-0.014,-0.0211,-0.014,-0.0216,-0.0037,-0.0072,-0.0078,-0.0131,-0.07
19700512,-0.0093,-0.0133,-0.007,-0.0115,-0.0012,6e-04,-0.0097,-0.0112,-0.0203,-0.0139,-0.015,-0.0829,-0.0096,-0.0106,-0.0088,-0.0126,-0.0064,-0.0084,-0.0089,-0.0029,-0.0129,-0.0124,-0.0075,-0.0139,4e-04,-0.0117,-0.0208,-0.0034,-0.0052,-0.0011,-0.0029,-0.0033,-0.0058,0.0074,-0.0052,-0.0136,-0.027,-0.0317,-0.0181,-0.0064,-0.0105,-0.017,-0.0116,-0.0071,-0.0173,-0.0073,0.0012,-0.0049,-0.007,0.0223
19700513,-0.0176,-0.0034,-0.0184,-0.0121,-0.0216,-0.0157,-0.021,-0.0249,-0.0284,-0.0228,-0.0198,-0.1242,-0.008,-0.0148,-0.0123,-0.0326,-0.0248,-0.0206,-0.0154,-0.0102,-0.0099,-0.0146,-0.021,-0.0175,-0.0148,-0.0077,-0.0281,-0.0185,-0.019,-0.0055,-0.0126,-0.0119,-0.0093,-0.0377,-0.0222,-0.0229,-0.1111,-0.0168,-0.0362,-0.0202,-0.025,-0.0176,-0.0297,-0.0241,-0.0243,-0.0148,-0.0148,-0.0483,-0.0218,-0.0115
19700514,-0.0153,-0.0161,-0.0139,-0.0098,-0.0175,-0.003,-0.015,-0.0181,-0.031,-9e-04,-0.0238,0.039,-0.0013,-0.0163,-0.0123,-0.0299,-0.019,-0.0361,-0.0259,-0.0181,-0.0301,-0.0178,-0.0278,-0.0158,-0.0161,-0.0236,-0.0133,-0.036,-0.0112,-0.0189,-0.0099,-0.0118,-0.0123,-0.0485,-0.0131,-0.0184,0,-0.006,-0.0135,-0.0459,-0.0141,-0.0224,-0.0262,-0.0255,-0.033,-0.0163,-0.0227,-0.0587,-0.0029,0.0159
19700515,0.0183,0.0023,0.0116,0.0054,0.0191,0.007,0.0159,0.0228,0.0158,0.0283,0.0139,0.1346,0.0424,0.0199,0.0149,0.0061,0.0166,0.0105,0.0106,0.0165,0.0088,0.0074,0.0171,0.022,0.043,-0.0071,0.0186,-0.0035,0.0249,0.042,0.0286,0.0072,0.0178,0.0065,0.0141,0.0111,0.1562,0.0185,0.0219,0.0261,0.0167,0.0193,0.0115,0.0245,0.0367,0.0032,0.0114,0.0459,0.0153,-6e-04
19700518,0.0013,0.0259,0.0031,0.0073,0.0119,-5e-04,-0.0093,-0.0018,0.0069,-0.0059,-0.0035,0.0093,0.0013,0.0068,0.0077,0.0136,0.0031,6e-04,0.0174,-0.0034,-0.0051,-0.0013,0.0111,-0.0025,-0.0068,-0.0013,-0.0163,-4e-04,0.0071,0.0068,0.0071,0.0024,0.0038,-0.0052,0.0019,-0.0024,-0.1081,6e-04,-0.0105,-0.0055,0.0066,0.0103,-0.0023,0.004,0.0034,0.0044,-0.0062,0.0056,-0.0053,0.0025
19700519,-0.0201,-0.0133,-0.0065,-0.0218,-0.0199,-0.0023,-0.0205,-0.0466,-0.0028,-0.0275,-0.0237,-0.0651,-0.0418,-0.0176,-0.0161,-0.0184,-0.0122,-0.0186,-0.03,-0.0191,-0.0199,-0.0167,-0.0139,-0.0215,-0.0437,-0.0215,-0.002,-0.0203,-0.0204,-0.0519,-0.0166,-0.0069,-0.0103,-0.0326,-0.0172,-0.0419,-0.0606,-0.0373,-0.0713,-0.0056,-0.015,-0.023,-0.0197,-0.0143,-0.0289,-0.012,-0.0137,-0.0416,-0.0148,0.0205
19700520,-0.0266,-0.0306,-0.0202,-0.0339,-0.0114,-0.0206,-0.0423,-0.0623,-0.0362,-0.0337,-0.0273,-0.0588,-0.0254,-0.0337,-0.0216,-0.0176,-0.0226,-0.0257,-0.0281,-0.0255,-0.0579,-0.0367,-0.0373,-0.0232,-0.0315,-0.0231,-0.0155,-0.0262,-0.0241,-0.0175,-0.0145,-0.0134,-0.0213,-0.0789,-0.0318,-0.0412,-0.0968,-0.0371,-0.0372,-0.0275,-0.0355,-0.0318,-0.0297,-0.0203,-0.043,-0.0186,-0.0351,-0.0504,-0.0406,-0.0447
19700521,-0.0201,-0.0103,-0.0116,-0.02,-0.0328,-0.0095,-0.0111,-0.0206,-0.0339,-0.0177,-0.0285,-0.0202,-0.041,-0.0265,-0.021,-0.0504,-0.0132,-0.0249,-0.028,-0.0235,-8e-04,-0.02,-0.0432,-0.0105,-0.0228,-0.0274,-0.0228,-0.005,-0.0235,-0.0531,-0.0181,-0.0149,-0.0112,-0.0228,-0.0221,-0.022,0,-0.0156,-0.0019,-0.0175,-0.0248,-0.0209,-0.0391,-0.0209,-0.0304,-0.0282,-0.0215,-0.0499,-0.0258,-0.0451
19700522,-0.0015,-0.0086,-0.0103,0.009,-0.013,-6e-04,-0.0188,-0.0164,-0.0106,0.0102,-0.0074,0.0464,-0.0151,8e-04,-0.007,-0.0102,-0.0042,-0.0037,-0.0126,-0.01,-0.0081,-0.0085,-0.0149,0.0092,6e-04,0.0032,-0.0313,-0.0179,0.0065,0.055,0.0012,0.0021,-0.0115,0.001,-0.0095,0.0109,-0.0357,8e-04,-0.0271,0.004,-0.0061,-0.009,-0.0078,-0.0064,-0.008,-0.006,-0.0074,-0.0152,-0.004,-0.0297
19700525,-0.0321,-0.0311,-0.025,-0.0379,-0.0502,-0.0426,-0.0422,-0.0481,-0.0347,-0.0324,-0.039,-0.0842,-0.0726,-0.0238,-0.0311,-0.044,-0.0307,-0.0372,-0.0418,-0.053,-0.0396,-0.0413,-0.0348,-0.0197,-0.0429,-0.0382,-0.0598,-0.0727,-0.0494,-0.0319,-0.028,-0.0194,-0.0078,-0.0715,-0.0578,-0.0305,-0.1111,-0.0665,-0.0603,-0.0262,-0.0504,-0.0329,-0.0622,-0.0281,-0.0629,-0.0345,-0.042,-0.0705,-0.0562,-0.0032
19700526,-0.0132,-0.0068,-0.0189,0.0026,-0.0062,-0.0164,-0.0126,-0.0433,-0.0155,-0.026,-0.0232,-0.0473,-0.0202,-0.021,-0.0117,-0.0147,-0.0236,-0.0219,-0.0232,-0.0107,-0.0255,-0.0128,-0.0085,-0.0264,-0.0332,-0.0114,0.023,-0.0262,-0.0234,-0.0145,-0.0045,-0.0104,-0.0097,0.012,-0.0198,0.0039,-0.0833,-0.0028,0.0159,-0.012,-0.0173,-0.0056,-0.0302,-0.0171,-0.0317,-0.011,-0.024,-0.0039,-0.0044,-0.0516
19700527,0.053,0.0044,0.0298,0.0597,0.0489,0.0564,0.0819,0.1148,0.0505,0.0598,0.0673,0.113,0.0903,0.059,0.047,0.062,0.0305,0.0641,0.0742,0.0547,0.0348,0.0592,0.0646,0.0466,0.0707,0.0409,0.0645,0.0528,0.0611,0.0634,0.0504,0.024,0.0276,0.0925,0.0782,0.0679,0.1364,0.0843,0.091,0.0618,0.0553,0.0712,0.0888,0.0494,0.1031,0.0332,0.0701,0.1091,0.0779,0.1134
19700528,0.0263,0.0275,0.0241,0.0279,0.0381,0.0403,0.0405,0.0537,0.0112,0.027,0.0294,0.029,0.0295,0.0206,0.0276,0.0622,0.0179,0.0329,0.0293,0.0282,0.0386,0.0326,0.042,0.0329,0.0413,0.0456,0.0321,0.0238,0.0306,0.072,0.0269,0.0173,0.0165,0.0454,0.0261,0.0277,0.08,0.0294,-0.0026,0.0195,0.0174,0.033,0.0346,0.0218,0.0373,0.0407,0.0151,0.04,0.0264,0.047
19700529,0.027,0.0416,0.0228,0.0226,0.0302,0.0416,0.0546,0.0288,0.0102,0.0317,0.0414,0.0077,0.073,0.0178,0.0336,0.0182,0.0241,0.0364,0.0231,0.0178,0.0175,0.0207,0.0233,0.0157,0.0353,0.0315,0.0253,0.0216,0.0324,0.0428,0.0305,0.0109,0.0191,0.0443,0.0382,0.0396,0.037,0.0274,0.0195,0.0273,0.0158,0.016,0.0644,0.0346,0.0289,0.0353,0.0309,0.0169,0.0239,0.0206
19700601,0.0183,0.0426,0.0213,0.0398,0.0062,0.0394,0.0245,0.0347,0.0035,0.0189,0.0214,0.1739,0.0124,0.0324,0.0098,0.0289,0.0197,0.0204,-0.0027,0.0214,-0.0097,0.0296,0.015,0.029,0.0364,0.0225,0.0259,0.0489,0.0244,-0.004,0.0181,0.0072,-0.0181,0.0371,0.0179,0.0284,0,0.0345,0.0453,0.0041,0.008,0.0224,0.0353,0.0174,0.0344,0.0165,0.0357,0.0833,0.006,0.0174
19700602,0.0012,0.0254,-5e-04,-0.0083,-0.01,2e-04,-0.0063,0.007,-0.0035,0.0063,0.0041,0.0903,-0.0109,0.0118,0.0017,-0.0016,0.0091,0.0044,0.0352,-0.0019,0.0028,0.0036,0.0155,0.0041,-0.0133,0.0123,0.0042,-0.0023,-0.0114,0.0217,0.0025,0.0017,-0.0058,0.0044,3e-04,-0.0069,-0.0714,-0.0062,0.0248,0.0043,0.0101,-0.003,0.0089,-0.0019,9e-04,0.0015,0.0279,-0.0204,0.0018,-0.0277
19700603,0.0111,0.0208,0.006,0.0092,0.0248,0.019,0.0179,0.0323,0.029,0.0118,0.0123,0.0049,0.0237,0.0156,0.0069,0.027,0.0216,0.0126,0.0358,0.0058,0.0129,0.0132,0.0129,0.0108,0.0111,0.0164,0.005,0.0222,0.0274,0.0022,0.0122,0.0081,-0.0027,0.0415,0.0349,0.0057,0.0385,0.0125,0.0034,0.0137,0.0163,0.004,0.0451,0.0135,0.0261,0.0095,0.0131,0.0366,0.0248,0.0513
19700604,-0.0158,0.026,0.001,0,-0.0133,0.0081,-0.0358,-0.0459,-0.003,-0.0189,-0.0129,-0.0987,-0.021,-0.0141,-0.009,-0.0162,-0.0089,-0.0144,-0.0156,-0.0099,-0.0113,-0.0133,-0.0025,-0.003,-0.0275,-0.0053,-0.0294,-0.0028,-0.0089,-0.0152,-0.0195,-0.0088,-0.0055,-0.0409,-0.0269,-0.0421,0.0741,-0.0384,-0.0533,-0.0014,-0.0084,-0.0214,-0.0341,-0.007,-0.0105,-0.0038,-0.0232,-0.047,-0.018,-0.0241
19700605,-0.017,-0.0134,-0.0071,-0.0256,-0.0217,-0.0036,-0.0184,-0.0035,-0.019,-0.0104,-0.0161,-0.0175,-0.0238,-0.0157,-0.014,-0.0174,-0.031,-0.0233,-0.0314,-0.0192,-0.0237,-0.0193,-0.0253,-0.0295,-0.0218,-0.0279,-0.0361,-0.0161,-0.0189,-0.0272,-0.0189,-0.0113,-0.0129,-0.0321,-0.0224,-0.0089,-0.069,-0.0254,-0.0324,-0.0167,-0.0108,-0.0241,-0.0267,-0.0108,-0.0313,-0.0096,-0.0301,-0.001,-0.0218,-0.0278
19700608,0.001,-0.0073,0.003,0.0017,-2e-04,0.0032,0.0106,8e-04,-0.0105,-0.0058,-0.0066,0.02,-0.0087,0.0062,0.0088,-0.0046,0.0073,0.0062,-0.013,0.0013,-0.0085,4e-04,0.0083,0.0032,0.0012,-0.0056,0.0099,0.0083,0.0031,-2e-04,0.0066,-0.0035,0.0051,-0.0092,-0.0024,-0.0105,0.037,0.0028,-0.0039,0.0163,-0.0059,0.009,1e-04,0.0039,-0.0121,-7e-04,0.0047,0.0027,-0.0013,-0.0038
19700609,1e-04,-0.0061,0.0021,-0.0073,-0.0026,0.0091,0.0022,0.0079,-0.0013,-0.004,-0.0037,0.0021,0.0088,0.0072,0.008,-0.0071,-0.0037,-0.0017,-0.0082,0.0063,-0.0077,-0.0022,-0.0048,-0.0055,-0.0033,6e-04,-0.012,0.0198,-0.0039,0.0528,0.0035,-0.0064,-0.0049,0.0125,0.0044,0.0067,0,0.0023,-0.003,-0.0024,-0.0091,7e-04,-0.0077,0.0035,-0.0077,0.001,0.0021,0.003,8e-04,0.0247
19700610,-0.0103,-0.007,-0.0065,-0.0023,7e-04,-0.003,-0.0214,-0.0093,-0.0091,-0.0179,-0.0105,-0.0024,-0.0069,-0.0081,-0.0073,-0.0096,-0.0029,-0.0105,-0.0117,-0.0096,-0.0322,-0.0035,-0.0099,-0.0155,-0.0232,-0.009,0.0063,0.0208,-0.0038,-0.0137,-0.0052,-0.0046,-0.0184,-0.0187,-0.0092,-0.0127,0.0357,-0.0169,-0.0249,0.0017,-0.0088,-0.0218,-0.0109,-0.0043,-0.0253,-0.0044,-0.0062,-0.015,-0.0153,-0.0324
19700611,-0.0142,-0.0224,-0.0072,-0.0138,-0.0144,-0.0184,-0.0238,-0.0216,-0.0262,-0.0146,-0.0175,-0.0289,5e-04,-0.0182,-0.0165,5e-04,-0.0174,-0.0187,-0.015,-0.0194,-0.0214,-0.0144,-0.012,-0.011,-0.0158,-0.0125,-0.0131,0.0091,-0.0041,0.0057,-0.0079,-0.0083,-0.0077,-0.0261,-0.0085,-0.0267,-0.069,-0.0143,-0.0324,-0.0196,-0.0107,-0.0118,-0.0206,-0.0198,-0.0107,-0.0108,-0.008,-0.0297,-0.0166,-0.0099
19700612,-0.0042,0.0125,-0.0069,-0.0132,-0.0031,-0.0052,-0.0024,-0.0103,-0.0072,0.005,-0.0117,0.009,-0.0035,-0.0061,0.0023,-0.0113,-0.0055,-0.0066,-0.0197,-0.0031,-0.0063,-0.009,0.0054,0.0061,-0.0189,5e-04,-0.0052,-0.0098,-0.0098,-0.0174,-4e-04,-0.0065,-0.0101,0.0058,-0.0049,-0.0033,-0.037,-0.0042,0.0067,-0.0062,-0.0089,-0.0111,-0.0067,-0.0104,-0.0011,-0.0097,-0.0189,-0.0027,-0.0076,-0.0254
19700615,0.003,-0.0131,0.0037,0.0019,0.0041,0.0122,0.0132,0.0279,-0.0087,0.0076,0.007,0.0323,0.0183,0.0087,0.0013,-0.0034,0.0032,0.0043,-0.001,0.0027,0.0348,0.0038,-0.0035,-0.0062,0.0174,0.0024,0.0039,0.0046,0.0095,-0.0019,4e-04,-5e-04,0.0069,-0.0027,0.01,0.0019,0.0769,0.0017,0.0025,-0.0016,0.0055,0.0015,0.0152,0.0026,0.0109,0.0091,0.0022,0.0242,0.0043,-0.0086
19700616,0.0228,0.0193,0.0113,0.0385,0.0163,0.0278,0.0203,0.0417,0.0116,0.0321,0.0201,0.0286,0.0477,0.0199,0.0237,0.0021,0.0169,0.0225,0.0342,0.0246,-0.0051,0.0192,0.0304,0.028,0.0272,0.0195,0.0091,0.0162,0.0243,0.0456,0.0198,0.0024,0.019,0.0216,0.0238,0.044,0.0357,0.0267,0.0284,0.0177,0.0233,0.0105,0.0268,0.0196,0.0265,0.017,0.0213,0.0437,0.0227,0.0256
19700617,-0.0027,0.0119,1e-04,-0.0046,0.0135,-0.0066,0.0021,-0.0151,-0.0083,-0.0077,-0.0016,-0.0055,-0.006,0.0053,-0.0017,-0.0026,0.005,0.008,-0.0031,-0.0074,-0.0054,-0.0013,0.0056,-0.0035,0.0021,-0.003,-2e-04,-0.0178,0.0089,0.0171,-0.0023,6e-04,0.0063,-0.0152,-0.0164,-0.0175,-0.0345,0.0015,-0.004,-0.0052,-0.0016,-0.0013,-0.0125,-3e-04,0.0026,0.0021,0.001,0.0055,-0.0133,-0.0084
19700618,0.0056,-0.0047,-0.0018,0.0191,0.0034,0.0113,0.0054,0.0169,0.0038,0.0141,-1e-04,0.014,0.0119,0.005,0.0092,0.001,0.0051,0.0065,-0.0032,0.0067,0.0025,5e-04,0.0137,0.0023,0.0135,0.0037,0,0.0122,0.0017,0.016,0.0045,1e-04,-0.0048,-0.0086,0.0032,0.0197,0.0357,0.0076,0.0073,-0.0089,0,0.005,0.0084,-0.001,0.0119,0.0044,0.0192,0.0086,0.0064,0.0046
19700619,0.0066,-0.0039,0.0139,0.0027,0.0011,0.0115,0.0113,0.0064,0.0232,0.0076,0.0086,-0.0221,-0.0084,0.0123,0.0147,0.0198,0.0152,0.0098,-0.0027,0.0099,-0.0043,0.0087,0.0092,0.0022,0.0086,0.0119,-0.0014,0.0025,-1e-04,0.0105,0.0111,0.0065,0.0011,0.0171,0.0091,-0.0037,0,-0.0033,0.0078,0.0087,0.0086,0.011,0.0064,0.0075,0.0054,0.0123,0.016,0.0027,0.0022,-0.0175
19700622,-0.0067,-0.01,-0.002,-0.01,-0.001,-0.0135,-0.0187,-0.0256,-0.0034,-0.0036,-0.0047,-0.0167,-0.009,-0.005,-4e-04,-0.0154,-1e-04,-4e-04,-0.002,-0.0072,-0.0092,-0.004,-0.0072,-0.0106,-0.0216,-0.0071,-0.0187,-0.016,-4e-04,-0.0114,-0.0017,-0.0044,-0.0024,-0.0282,-0.0137,-0.0099,-0.0345,-0.0059,-0.0125,-0.0221,-0.005,-0.0304,-0.0194,-0.0065,-0.0117,-0.0099,-0.0128,-0.0309,-0.0125,-0.0457
19700623,-0.0249,-0.0194,-0.0092,-0.0043,-0.0141,-0.0178,-0.0359,-0.0378,-0.0114,-0.0358,-0.0286,-0.0693,-0.0374,-0.0208,-0.021,-0.016,-0.0215,-0.027,-0.0372,-0.0269,-0.0171,-0.0183,-0.0224,-0.0362,-0.0301,-0.014,-0.0186,0.0013,-0.0252,-0.0905,-0.0179,-0.0071,-0.0227,-0.0423,-0.0246,-0.0419,-0.0357,-0.0393,-0.0449,-0.0181,-0.0135,-0.029,-0.027,-0.0157,-0.0312,-0.0277,-0.0219,-0.0474,-0.0273,-0.036
19700624,-0.0115,-0.034,-0.0145,-0.0153,-0.0142,-0.0107,-0.0407,-0.0155,-0.0262,-0.0094,-0.0095,-0.059,-0.0188,-0.0118,-0.0087,-0.0097,-0.0092,-0.0142,-0.0231,-0.0143,-0.0171,-0.0136,9e-04,-0.01,-0.0058,-0.0295,0.0047,0.0036,-0.016,0.0098,-0.0088,-0.0046,-0.013,-0.0287,-0.0184,-0.0142,0,-0.0233,-0.0309,-0.0141,-0.0088,-0.0146,-0.0252,-0.0064,-0.0301,0.011,-0.0153,-0.0147,-0.0081,-0.0243
19700625,-5e-04,0.0041,-1e-04,8e-04,0.0081,0.0065,-0.004,0.0107,-0.0106,-3e-04,-2e-04,-0.0037,0.0059,0.001,-0.0018,-0.0106,-5e-04,-2e-04,-0.0165,-0.005,-0.0099,-0.0014,0.0036,0.0092,-0.0094,8e-04,-0.0016,-0.0027,-0.0027,-0.0234,0.004,0.0012,-0.0094,-0.0236,-0.0156,0.0068,-0.037,0.0013,-0.0116,-0.0062,-0.0102,-0.0118,-9e-04,-0.0037,0.0093,-4e-04,-0.0046,-0.0013,-0.0063,-0.0169
19700626,-0.0082,-0.0161,-0.0044,-0.0011,-0.0032,0.0027,-0.0065,-0.0245,-0.0021,-0.0183,-0.0043,-0.1026,-0.0155,-0.009,-0.0094,-0.0075,-0.0098,-0.0068,-0.0142,-0.0041,0.0226,-0.0078,-0.0086,-0.001,-0.0186,-9e-04,-0.022,0.0026,-0.011,-0.0357,-0.0131,-0.0015,0.0032,-0.0296,-0.0134,-0.0096,-0.0769,-0.0193,-0.008,-0.0057,-0.0054,-0.0166,-0.0077,-0.0023,-0.0091,-3e-04,-0.0101,-0.0028,-0.0164,-0.0323
19700629,-0.0087,-0.0031,-0.0051,-0.0209,-0.0067,-0.0143,-0.0053,-0.0161,-0.0125,-0.0105,-0.0121,0.0256,-0.0058,-0.0122,-0.012,-0.0168,-0.0115,-0.0159,-0.013,-0.0088,-0.0247,-0.0108,-0.011,0.0023,-0.0178,-0.0125,-0.0052,-0.007,-0.0038,0.0055,-0.0086,-0.0061,0.0043,-0.0107,-0.0098,-4e-04,0.0833,-0.0166,-0.0295,-0.0112,-0.0086,-0.028,-0.0046,-0.0149,-0.0105,-0.007,-0.0191,-0.0185,-0.0235,-0.0082
19700630,-0.003,-0.0125,0.0022,-2e-04,6e-04,0.0088,-0.0091,-0.0111,-0.0045,0.0045,-0.0054,0.0145,0.0069,0.0016,8e-04,-0.001,-0.005,-0.0066,-0.0111,-0.0073,0.0135,-0.0051,-0.0033,0.0021,-0.018,-0.0116,-0.0176,-0.0182,-0.0078,0.0325,-0.0016,-0.0021,0.005,-0.0132,0.0049,-0.0252,-0.0385,-0.0022,0.0211,0.0055,-0.0067,-0.0023,-0.0125,4e-04,-1e-04,0.0053,-0.0057,-0.0041,-0.0074,-0.0231
19700701,0.0033,0.0052,0.0025,0.0027,-0.0018,0.022,-0.0124,0.0097,-0.0033,0.0112,-1e-04,0.0124,6e-04,0.0097,0.0088,-0.0067,0.0086,-0.0032,-0.0026,-0.0039,-0.007,-0.005,-0.0065,0.0035,-0.0149,-0.0152,0.0047,0.0098,0.0106,0.0072,0.0013,0.0022,0.0137,0.0187,-0.0049,0.0153,0.0211,-0.0121,-0.0326,-0.0051,-0.0148,-0.0058,-0.0033,0.0029,0.0017,-0.0035,-0.0077,-0.0087,0.0098,0.0352
19700702,-0.0026,-0.0094,-0.003,0.0265,-0.0055,7e-04,-0.0093,-0.0217,0.0022,-0.0061,0,-0.0304,-0.0095,1e-04,7e-04,0.0063,0.0025,0.0056,-0.01,-0.0033,-0.0184,-0.0037,-0.0044,-0.0044,-0.0056,-0.0022,0.0104,0.0043,0.0058,0.0121,-0.0037,0.0047,5e-04,-0.0165,-0.0122,-0.0169,-0.0427,-0.0123,9e-04,0.0136,0.0044,0.0025,-0.0061,-0.001,-0.0032,7e-04,0.0097,-0.0152,-0.0034,-0.0294
19700706,-0.0158,-0.0123,-0.0181,-0.0118,-0.0065,-0.0161,-0.014,-0.047,8e-04,-0.0187,-0.0164,-0.0519,-0.0043,-0.0117,-0.0253,-0.0167,-0.0071,-0.0209,-0.019,-0.0138,-0.0065,-0.0222,-0.0089,-0.0081,-0.0235,0,0.0023,-0.0202,-0.0076,-0.0184,-0.0158,-0.0021,-0.0071,-0.0238,-0.02,-0.0295,-0.0446,-0.0331,-0.0233,-0.0121,-0.0185,-0.0221,-0.0362,-0.0147,-0.0186,-0.0087,-0.0172,-0.0183,-0.023,-0.0113
19700707,-0.0087,-0.0041,-0.0024,-0.0091,-0.0083,-0.0249,-0.0082,-0.0064,-0.0173,-0.0141,-0.0036,-0.0381,-0.0356,-0.0067,-0.0081,-0.007,-0.0119,-0.0025,-0.0122,-0.0161,-0.0089,-0.0129,-0.0273,-0.0033,-0.015,-0.0026,-0.0127,-0.0081,-0.0278,-0.0195,-0.0068,0.0054,-0.0051,-0.0135,-0.0107,-0.0079,-0.0213,-0.0142,-0.0265,-0.0144,-0.0066,-0.0191,-0.0102,-0.0088,-0.0139,-0.009,-0.0101,-0.0098,-0.0175,0.004
19700708,0.0238,0.0143,0.0101,0.029,0.0228,0.0273,0.0295,0.0663,0.0256,0.0347,0.0086,0.0485,0.0247,0.0104,0.0164,0.0027,0.0077,0.0171,0.0097,0.0101,0.0177,0.0108,0.0108,0.0224,0.032,-6e-04,0.0222,0.025,-0.0079,0.0532,0.0202,0.0367,0.0233,0.0408,0.0106,0.0473,0.0983,0.0397,0.0593,0.0121,0.0248,0.0215,0.0304,0.012,0.0117,0.0218,0.0151,0.0218,0.0376,-0.0168
19700709,0.0161,0.0173,0.0117,-0.009,0.0129,0.0212,0.0187,0.0178,0.018,0.0077,0.0189,0.0412,0.0196,0.0167,0.0277,0.013,0.0276,0.0204,0.0198,0.0143,0.0324,0.0109,0.0164,0.0195,0.0318,0.0111,0.016,-0.0019,0.0053,0.0245,0.0158,0.019,0.0207,0.0232,0.0282,0.0067,0.0105,0.0165,0.0254,0.0206,0.0079,0.028,0.01,0.0134,0.0335,0.0145,0.0191,0.0312,0.0338,0.014
19700710,0.0071,0.0089,0.0028,0.0186,0.008,0.0081,0.0035,0.0111,0.0037,0.0141,0.004,0.0024,0.0152,0.0044,0.0056,0.0046,0.0114,0.0111,0.0119,0.0074,0.0011,0.0015,0.0075,0.0202,0.0075,0.0067,0.0255,0.0081,0.0096,-0.0245,0.0093,0.0048,0.013,0.0066,0.0027,-0.0146,-0.0313,9e-04,-0.0097,0.0089,-0.0048,0.018,9e-04,0.0127,-0.0059,0.0011,0.0201,0.0068,0.0114,0.0071
19700713,-7e-04,8e-04,0.0017,-3e-04,-0.0012,-0.0045,0.0043,0.0093,0.0094,-0.0026,-0.0016,-0.0131,0.0038,0.0028,0.0055,0.0181,0.0041,-0.0019,8e-04,0.0049,-0.0105,5e-04,0.0038,-0.0103,0.0049,0.0103,0.0264,0.0079,0.0029,0.0158,0.0036,-8e-04,5e-04,-0.005,9e-04,-0.0088,-0.0215,-0.0012,-0.0072,0.0033,-0.0026,0.0049,-0.0025,-0.0016,0.0094,-0.0044,0.0015,0.0125,0.0055,0.0229
19700714,-0.0015,-0.0055,0.0022,-0.012,-0.0108,-0.0033,0.0031,-0.0038,-6e-04,-9e-04,-0.0016,-3e-04,0.0034,-0.005,-4e-04,-0.0015,0.0034,0.0019,-0.0105,-0.0089,-0.0037,-3e-04,-0.002,-4e-04,0.0037,0.0042,-0.0061,-0.0102,-0.0047,-0.011,-0.0044,-7e-04,0.0017,0.0453,-0.0083,0.009,0.0028,-0.005,-0.021,-0.0046,0.0026,-0.0068,-0.004,0.0037,-0.0152,-0.0061,-0.0074,-0.0165,-0.0077,-0.0327
19700715,0.0098,0.0036,0.0066,0.0032,0.0085,0.0123,0.0015,0.0293,0.0252,0.0136,0.0051,0.0271,0.019,0.0069,0.019,-0.005,0.0077,0.0116,0.0259,0.0036,0.0231,0.0109,0.0114,0.0019,0.0041,-0.0011,-0.0046,0.0101,0.0032,0.0245,0.0162,0.0021,0.0137,-0.0146,0.0128,0.0048,0.0055,0.0061,0.0042,0.0075,0.0147,0.0031,0.0051,0.0175,0.0099,0.0125,0.0103,0.0167,0.0103,0.0136
19700716,0.0133,0.0018,0.011,0.0011,0.009,-0.022,0.0286,-3e-04,0.0091,0.0115,0.0182,-0.0167,0.0073,0.0134,0.0112,-0.0051,0.0029,0.0186,0.0124,0.0095,0.0257,0.0248,0.0177,0.0112,0.0123,0.0092,0.027,0.0161,0.0153,0.0253,0.0278,0.0066,0.0074,0.0082,0.0165,0.0057,-0.0218,0.0104,0.0204,0.0266,0.024,0.0069,0.013,0.0252,0.0155,0.0067,0.0194,0.0137,0.0088,-0.0156
19700717,0.0167,-0.0124,0.0144,0.0087,0.0193,0.0056,0.0311,0.0082,0.0202,0.0155,0.0148,-0.0215,0.0155,0.0118,0.0175,0.0222,0.0159,0.0197,0.0165,0.0132,0.0314,0.0237,0.009,0.0109,0.0253,0.0069,0.0108,0.0031,0.0168,0.0285,0.0293,0.0073,0.0079,0.0106,0.0178,0.021,0.0418,0.039,0.0203,0.0229,0.0191,0.0257,0.029,0.0143,0.0189,0.0114,0.0208,0.0329,0.0127,0.0282
19700720,0.0013,-0.0035,-2e-04,0.0101,0.005,-0.0262,0.0086,-0.0131,0.0131,-0.005,0.0086,-0.0035,-0.0039,-0.0028,-0.0039,0.0067,-0.0027,-7e-04,-0.0039,0.0093,-0.0033,0.0024,-0.0166,0.0068,0.0052,4e-04,-0.0018,0.0048,0.0012,-0.0077,0.0079,0.0075,0.0048,0.0116,-0.0012,-0.0077,-0.0535,0.0039,0.0175,0.0048,-0.0012,0.0023,0.0063,0,0.0076,0,0.0022,-0.002,8e-04,-0.0094
19700721,-0.0101,-0.0035,-0.0081,6e-04,-0.0077,-0.0026,-0.0098,-0.0127,-0.0171,-0.0136,-0.0053,-0.0167,-0.0173,-0.0115,-0.0242,-0.0053,-0.0066,-0.009,-0.012,-0.0125,-0.0106,-0.0082,-0.0065,-0.0107,-0.0135,-0.018,-0.0013,0.0149,-0.0127,-0.0274,-0.0057,-0.0076,-0.0141,-0.0118,-0.0172,-0.0025,-0.0579,-0.0201,-0.0281,-0.0186,-0.0046,-0.0038,-0.0128,-0.0062,-0.0177,-0.0033,-0.0183,-0.0111,-0.0116,0.006
19700722,0.0012,-0.0218,-6e-04,-0.0091,0.0076,0.0178,0.0088,0.0022,8e-04,0.0059,0.0049,0.0094,-0.0056,0.0022,0.0048,0.0065,0.0044,0.0024,0.0131,0.008,0.0034,-0.0053,0.0157,0.0013,0.0134,2e-04,-0.0115,-0.0056,0.0013,0.0094,0.0031,-0.0016,-0.0068,0.0012,0.0105,-0.0129,0.018,0.0044,0.0029,0.0037,0.0051,-4e-04,0.0059,0.0025,0.0053,0.0078,0.0048,0.0046,0.0152,0.0431
19700723,0.0122,-0.0016,0.0121,0.0027,0.0106,0.0114,0.0093,0.0243,0.0116,0.0014,0.0029,0.0386,0.0046,0.0081,0.0181,0.0015,0.0063,0.0122,7e-04,0.0086,0.0177,0.0127,0.0071,0.0112,-0.0031,0.0125,0.0024,0.004,0.0035,0.0176,0.0207,0.0067,0.0174,0.0171,0.035,0.0145,0.0722,0.017,0.0326,0.0122,0.0107,0.0111,0.0092,0.0165,0.0102,0.0158,0.0131,0.0254,0.0081,-0.0119
19700724,-0.0023,0.021,0.0037,-0.0076,-4e-04,-0.0057,0.0027,-0.0228,0.0064,0.0019,5e-04,-0.0153,-0.0104,0.0013,-0.0023,0.0073,0.0102,0.0058,-0.0025,-0.0037,0.0302,-0.0054,-0.0046,0.0019,-0.0092,-0.0044,0.015,0.0081,-0.0041,-0.0107,-0.0066,-0.0011,-2e-04,0.0065,-0.0028,-0.015,-0.0563,-0.0022,-0.0114,0.0074,-0.001,-0.0032,0.0012,7e-04,0.0162,0.0024,0.0074,0.0082,-0.0068,0.0018
19700727,-0.0019,-0.012,0.0015,0.0018,0.0084,-0.002,-0.0049,-0.0179,-5e-04,-0.0063,0.0075,-0.0108,-0.0246,-0.0086,-0.0022,-0.0075,2e-04,-0.0018,0.0011,-0.0071,-0.0137,-0.004,0.0138,0.0041,4e-04,0.0035,0.0041,-0.0106,-0.004,-0.007,7e-04,-0.0023,0.0023,0,0.0021,-0.0022,0.0364,-0.0089,0.0095,-0.0065,-0.0042,-4e-04,-0.001,-0.0031,-0.0065,-0.0015,-4e-04,0.01,6e-04,0.0191
19700728,0.0026,3e-04,0.0034,-0.0067,-0.0105,0.0015,0.0251,0.0059,0.0111,-0.0027,0.0116,0.0095,0.0124,8e-04,0.0061,0.0101,0.0036,5e-04,0.0184,0.0027,0.004,0.001,0.0075,0.0135,-0.0067,0.0038,0.0065,0.0234,0.0011,0.0035,0.0019,-0.0021,0.0017,0.0179,-0.0025,0.0014,-0.0056,0.0176,0.0061,-5e-04,0.0051,-0.0061,-6e-04,0.0069,-0.0044,0.0048,0.0053,0.0291,0.0084,-0.0412
19700729,0.0037,0.0165,0.0076,0.0091,0.0075,0.0136,0.0256,0.0014,0.0058,0.0055,0.0114,-0.0176,0.0146,-0.0069,0.0086,0.0131,0.0075,0.0022,0.0113,0.0101,0.0126,0.0025,0.0068,-0.0035,0.0073,0.0141,-0.0026,0.0316,1e-04,-0.0144,0.0043,-0.001,0.0013,0.0065,0.0124,5e-04,-0.0057,0.0125,0.0016,0.0108,-7e-04,0.0035,-0.0025,0.0089,0.0056,0.0049,0.0124,-0.0013,0.0066,-8e-04
19700730,6e-04,-0.0074,-0.0029,0.0125,0.0084,0.0079,-0.0115,-0.0092,0.0039,3e-04,-0.0045,0.0013,0.0024,-0.0028,-0.0028,1e-04,1e-04,0.0068,0.0062,-1e-04,0.0039,-1e-04,6e-04,-6e-04,-0.0012,0,0.0055,0.0024,0.0079,-0.0071,8e-04,-0.0015,-0.0073,-0.0049,0.0028,0.0044,-0.0355,0.0131,0.0093,-0.0108,0.001,0.017,0.0087,0.0057,-0.0079,0.0012,-8e-04,-0.0148,0.0051,-0.0097
19700731,-6e-04,-0.0031,-0.0012,-0.0029,-0.0086,-0.005,-0.0107,-0.02,-0.0017,-0.0069,-0.0032,-0.0127,-0.011,-0.0091,0.0029,0.0041,0.006,0.0018,-0.007,0.0034,0.0015,-0.0013,9e-04,-6e-04,-0.0098,0.0016,0.0017,-0.0168,-0.01,-0.008,0.0029,0.0024,0.0097,-0.0025,-0.0016,-0.0019,-0.0191,-0.0036,-0.0016,-0.0021,0.0012,0.0055,0.0042,0.0056,-0.0285,-0.0036,0.003,-0.0175,-0.0034,-0.01
19700803,-0.0122,0,-0.0103,-0.0127,-0.012,-0.0088,-0.0175,-0.0117,-0.0152,-0.0213,-0.0051,-0.0286,-0.0197,-0.0159,-0.012,-0.0112,-0.0125,-0.0145,-0.0191,-0.0068,-0.0166,-0.007,-0.0069,-0.0065,-0.0013,-0.0225,-0.0099,0.0026,-0.0045,-0.0048,-0.0137,-0.0034,-0.0154,-0.0085,-0.0186,-0.011,-0.0811,-0.018,-0.0132,2e-04,-0.0016,-0.0171,-0.0108,-0.0168,-0.016,-0.0085,-0.0092,-0.0165,-0.012,-0.0059
19700804,0.0017,-0.0015,0,-0.0036,-0.0055,0.0017,0.0178,0.0097,-0.0026,0.0065,-0.0051,0.0039,-0.0122,8e-04,0.0011,0.0037,-0.0043,-8e-04,-0.0136,-0.0033,-0.0056,-0.0038,0.0019,-4e-04,1e-04,-0.001,0.0058,0.0186,0.0037,0.004,0.0062,-0.0013,0.0023,-0.0074,-0.0029,0.0056,-0.0359,0.0053,-0.004,3e-04,-0.0027,0.0067,0.0055,0.0019,-0.002,6e-04,-0.0031,0.0098,0.0075,-0.0235
19700805,-8e-04,-0.0062,-0.0031,-0.0072,-0.001,-0.0035,0.0012,-0.0061,-0.007,6e-04,-0.0057,-0.0171,0,4e-04,-0.0019,-0.0137,0.0037,-0.0021,0.005,-0.0065,-0.0036,0.0017,0.0034,0.0012,-0.0081,0.0104,-0.0056,-0.0137,6e-04,0.0102,0.0091,4e-04,-0.0091,0.0012,-0.0023,-0.0026,-0.0847,0.0027,0.0045,0.0054,5e-04,-0.0016,-0.0126,-0.007,-0.0106,0.0022,-0.0017,0.0022,-0.0067,-0.008
19700806,-0.0018,-0.0048,-0.0042,0.0026,-0.013,-0.0043,-0.0037,-0.0135,0.0078,-0.0047,0.005,-0.0199,-0.0042,-0.0081,-0.0047,-0.0037,-0.0041,-0.0015,0,-0.0068,-0.0141,-0.0031,-0.0016,0.0045,-0.0068,-0.0057,0.0073,-0.0045,-6e-04,-0.0161,0.0069,-4e-04,-0.0035,-0.033,-0.0065,-0.0048,-0.0797,-5e-04,0.0149,-0.0051,0.0082,-0.0043,0.0048,-0.0051,-0.0085,-0.0013,-0.0036,-0.0239,-0.0027,0.0416
19700807,0.0026,-0.0018,0.0011,1e-04,0.0016,0.0056,-0.0047,-0.0099,0.0049,-0.0013,0.0033,-0.0375,-0.006,-0.0044,0.0013,0.0023,-0.0041,-0.0038,0.0058,0.0024,0.0242,0.004,-0.0012,0.0048,-0.0033,-4e-04,0,0.0029,-1e-04,0.0044,0.0174,0.0016,0.0045,-0.022,0.0072,-0.01,0.0403,0.0029,0.0012,-1e-04,0.0082,0.0077,-5e-04,0.0015,0.0042,0.0019,0.0013,0.0137,0.0047,0.0102
19700810,-0.0144,0.0066,-0.01,-0.0251,-0.0205,-0.0053,-0.0132,-0.0131,-0.007,-0.0176,-0.0122,-0.0034,-0.0318,-0.0097,-0.0146,-0.0072,-0.0132,-0.0113,-0.0186,-0.0152,-0.0171,-0.0096,-0.0142,-0.006,-0.0229,-0.015,-0.014,-0.0209,-0.0038,-0.014,-0.0237,-0.0041,-0.008,-0.0268,-0.0108,-0.0201,-0.0929,-0.0187,-0.0323,-0.0177,-0.0055,-0.0169,-0.0194,-0.012,-0.0115,-0.0102,-0.0206,-0.0288,-0.0134,-0.0126
19700811,-0.0057,-0.0055,-0.0098,-0.0036,-0.0076,-0.005,-0.0029,-0.0131,-0.0078,-0.0033,-0.0048,-0.0251,-0.0059,-0.0057,-0.0017,-0.017,-0.0112,-0.0111,-0.0107,-0.0056,-0.0172,-0.0136,-0.0069,-0.0032,4e-04,0.0034,0.0059,-0.0077,-0.0091,-0.0044,-0.0016,-0.0043,-0.0077,-0.0037,-0.0144,-0.0079,0.0235,-0.006,-0.0183,-0.0014,-0.0047,-0.0071,-0.0061,-0.0046,-0.0104,-0.0018,-0.0101,-0.0189,-0.0108,-0.0047
19700812,-0.0049,-0.0047,-0.0041,-3e-04,0.0037,0.0036,-0.0118,-0.0271,0.0024,-0.011,-0.0022,0.0249,-0.0046,-0.0028,-0.0016,-0.0089,-6e-04,-0.0038,-0.0047,-0.0058,-5e-04,-0.0064,-0.0042,-6e-04,-0.0056,-0.0181,0.0041,-0.0084,-0.0028,-0.036,0.0014,7e-04,-0.0072,-0.0032,-0.0138,-0.0272,-0.05,7e-04,-0.0019,-0.0045,-0.0076,0.0078,-0.007,-0.0027,0.0028,-0.0015,-0.0083,-0.004,-5e-04,0.0032
19700813,-0.009,-0.0027,-0.0021,-0.0225,-0.0123,-0.0014,-0.0073,-0.0202,-0.0103,-0.0125,-0.0148,-0.0101,-0.0231,-0.0145,-0.0014,9e-04,-0.0017,-0.0136,-0.0098,-0.0025,-0.0088,-0.01,-0.0121,-0.0034,-0.0063,-0.0069,-0.0052,0.0059,-0.0093,0.0174,-0.0095,0.0011,-0.0036,-0.0063,-0.0132,-0.0304,0.0176,-0.0032,-0.0101,-0.0012,-0.0084,0.0043,-0.012,-0.003,-0.0219,-0.0079,-0.0134,6e-04,-5e-04,-0.0298
19700814,0.0041,-0.0036,0.0057,-9e-04,-0.0085,0.0063,0.0064,0.0038,0,0.0117,-0.0018,-0.0129,-0.0076,9e-04,0.0039,8e-04,-0.0038,-0.0076,0.0011,-5e-04,0.0028,-0.0015,-7e-04,0.0121,0.0023,0.0091,-0.0112,0.0148,0.0012,0.003,0.007,0.0016,-0.0094,-0.0102,-0.0028,0.0266,0.0107,0.0069,2e-04,-0.0017,-0.0119,0.0154,-0.003,0.0032,-0.0049,3e-04,-0.0012,-0.0098,-0.0059,0.0193
19700817,0.0017,-0.0028,-0.0028,-0.0029,-0.0086,-0.0079,0.0108,0.0054,0.0023,-0.001,-0.0033,-0.0126,0.0045,0.0039,0.0038,-0.0043,0,0.006,-0.0024,-0.0057,-0.0105,-0.0045,-0.006,-0.0014,-0.0017,-0.0027,0.0029,0.018,-3e-04,0.0095,-0.0012,5e-04,0.0075,-0.0035,-0.0114,0.0214,0.0832,0.0038,0.0026,8e-04,0.0057,-0.0119,-0.0019,0.0031,-0.0028,0.003,-4e-04,0.0058,5e-04,0.0419
19700818,0.0106,0.0122,0.0018,0.0129,0.0086,0.001,0.0125,0.0151,0.0034,0.0103,0.0094,0.0222,0.0278,0.0051,0.0087,-0.0016,0.0055,0.0167,0.0029,0.0042,0.0152,0.0148,0.0126,0.0048,0.0238,-0.0092,0.0116,0,0.0142,0.0188,0.0196,0.0045,0.0113,0.012,0.0102,0.0198,0.0256,0.0153,0.0186,-0.0013,0.005,0.0068,0.0058,0.0082,0.0106,0.0093,0.0071,0.032,0.0058,0.0118
19700819,0.009,0.0086,0.003,0.0109,0.0057,0.0086,0.0051,-0.0103,0.0083,0.0075,-7e-04,0.0178,-3e-04,0.0017,0.0125,-0.0035,-0.0016,0.0076,-0.0074,0.0051,0.0165,0.0064,-3e-04,0.0057,0.0017,-0.0054,-0.0033,-0.0015,0.0039,0.0076,0.029,0.0051,0.0122,0.0099,0.0016,-0.0012,-0.0154,0.0028,-4e-04,0.0069,0.0107,0.0119,0.0066,0.01,0.0201,0.0067,0.0093,-0.0228,0.0104,0.0327
19700820,0.0075,-0.0299,0.0043,6e-04,-0.014,0,0.0022,-2e-04,0.0023,0.0125,6e-04,-0.0088,0.0039,0.0068,0.0053,0.0011,0.0105,0.008,-0.0033,0.0063,-0.0018,0.0017,0.002,0.0027,0.002,2e-04,0.0024,-0.0018,-0.0029,-0.0059,0.0133,0.0025,0.0042,-0.0025,0,0.0189,-0.0253,0.0158,0.0165,0.0062,0.0114,0.005,0.0106,0.0158,-0.0096,0.0042,0.0056,-0.0027,-5e-04,0.0013
19700821,0.0209,-0.0039,0.0098,0.0065,0.0143,-0.0011,0.0213,0.0499,0.0151,0.0271,0.0184,0.0113,0.0382,0.0153,0.0204,0.0027,0.0177,0.0164,0.0419,0.0217,0.0149,0.0309,0.0097,0.0434,0.0173,0.0128,0.0052,0.0049,0.0124,0.0086,0.0201,0.0145,0.0067,0.0432,0.0296,0.0214,0.056,0.0226,0.0267,0.0236,0.0254,0.0256,0.0233,0.0224,0.0401,0.0244,0.0259,0.0225,0.0212,0.0059
19700824,0.0234,0.0356,0.0136,0.0222,0.0107,0.0116,0.0426,0.0263,0.016,0.0276,0.0493,0.0408,0.0415,0.0266,0.0225,0.0377,0.0277,0.0252,0.0259,0.0117,0.0429,0.0224,0.0257,0.0159,0.0459,0.0261,0.0373,0.0145,0.0148,0.0253,0.0037,0.01,0.0387,0.0499,0.0405,0.0559,0.0985,0.0345,0.0624,0.0343,0.0244,0.0229,0.035,0.0244,0.0475,0.0233,0.0206,0.0296,0.0288,0.0129
19700825,0.0038,-0.0177,-9e-04,0.0122,0.0074,0.0129,0.0237,0.0411,0.0223,0.0069,0.0125,0.0276,0.0243,0.006,0.0079,0.0176,0.0257,0.0072,0.0198,0.0054,0.0103,0.0092,0.0125,-0.001,0.0108,0.0085,0.0179,-0.0041,0.0041,-0.0019,-0.0091,2e-04,-0.0018,0.0256,0.0149,0.01,0.0224,0.0117,0.0167,0.0087,0.008,0.0062,0.022,0.0071,0.0243,0.001,7e-04,0.0132,0.0099,-0.008
19700826,0.0031,0.0118,0.0045,0.0029,0.0018,0.0018,0.0113,0.0037,0.0126,0.002,0.01,0.0734,3e-04,0.0025,0.003,0.0289,0.0027,0.0073,0.0178,7e-04,0.0225,0.0096,0.0079,0.0016,0.0293,0.0046,0.0052,0.0106,0.0059,-0.0392,3e-04,0.0058,0.0025,0.0032,0.0071,-0.0011,-0.0523,0.0019,0.0062,-5e-04,0.0033,0.0142,0.0123,0.0017,0.0125,0.0028,0.003,0.0303,0.0124,0.04
19700827,-0.0012,-0.0172,0.0027,-0.0052,0.0016,-0.0084,-0.0022,0.0042,-0.0022,-0.005,0,-0.0098,-0.0034,-0.0038,5e-04,0.0048,0.0095,0.005,0.0051,-0.0084,0.0095,-0.0045,-0.0042,-0.0036,0.0028,0.0224,-0.0032,0.0275,-0.0135,-0.0278,-0.0026,0.0029,-7e-04,0.0075,0.0077,0.0033,0.048,-0.003,0.0076,-0.0141,0.0028,-0.0038,0.001,0.0012,-0.0087,0.0058,-0.0034,0.0092,-7e-04,-0.0307
19700828,0.0099,0.001,0.0066,0.0037,0.0114,0.0062,0.0224,0.0087,0.0138,0.0122,0.0155,0.0129,0.012,0.0115,0.0012,0.0116,0.0022,0.011,0.0277,0.0117,0.0329,0.0054,0.0135,0.0188,0.0288,0.0043,0.0199,0.032,0.0141,0.0256,0.0015,0.0088,0,0,0.0165,0.0244,0.034,0.019,0.0307,0.0018,0.0121,0.017,0.0166,0.0055,0.0163,0.0104,0.0138,0.0243,0.0141,-0.0052
19700831,-0.0035,0.0255,-0.0015,-0.0066,0.0096,-0.0067,-0.0042,-0.0073,0.0052,-0.0042,0.0036,0.0446,-0.0082,0.001,-0.0013,0.0046,-0.0042,-0.0015,0.0109,-0.0014,-0.0031,8e-04,-0.005,-2e-04,0.0089,0.0022,-0.002,0.0121,0.0028,-0.0107,-0.0076,-6e-04,0.0017,0.007,0.0012,-0.0178,0.0066,0.0017,9e-04,0.0163,-0.0031,-0.006,-0.0042,-0.005,-0.0042,-0.0045,0.0049,-0.0058,-0.0023,0.0485
19700901,-0.0064,0.011,-0.0063,0.0073,-0.008,-0.0042,-0.0297,-0.0012,0.0043,-0.0033,-5e-04,-0.0317,0.0042,-0.0028,-0.0076,-0.0016,-0.0079,-0.0024,-0.0101,-0.003,-0.0133,-0.0054,-0.0028,-0.0127,-0.0093,-0.0098,-0.0161,0.0035,0.0095,0.0025,-0.0089,-0.0027,-0.0041,-0.0259,-0.0085,-0.0093,-0.0392,-0.0137,-0.0275,0.0012,-0.0192,-0.0104,-0.0091,-0.002,-0.0109,-0.0064,-0.0037,-0.0093,-0.0056,0.0053
19700902,-2e-04,0.0019,0.0029,-0.0017,-7e-04,-0.001,0.0089,0.0191,0.0017,0.0024,-0.002,0.0246,-0.016,2e-04,-5e-04,-0.0078,0.001,-2e-04,0.0088,-3e-04,-0.005,0.004,-0.0048,-0.0113,0.003,0.0077,-0.005,-0.0012,-0.0106,-0.0108,-0.0028,0.0023,0.0026,0.0169,0.0089,0.0032,0.0467,0.0018,0.0036,3e-04,-0.0029,0.0028,-0.0033,0.0052,-0.0021,1e-04,-0.0036,0.0077,4e-04,-0.0212
19700903,0.0146,0.0095,0.0084,0.0086,0.0076,0.0092,0.0133,0.018,0.0209,0.0115,0.018,0.0318,0.0314,0.0242,0.0054,0.0012,0.009,0.0122,0.0244,0.0128,0.0228,0.0139,0.0194,0.0267,0.0147,0.0054,0.0103,0.0196,0.0123,-0.0027,0.0151,0.0022,0.017,0.0242,0.0149,0.0231,0.0171,0.0238,0.0201,0.0096,0.0036,0.0076,0.0187,0.0164,0.0241,0.0054,0.0136,0.0367,0.0294,0.0036
19700904,0.0107,0.0137,0.0108,-0.0128,0.0107,0.0012,0.014,0.0225,0.0179,0.0081,0.015,0.048,0.0207,0.007,0.0041,0.0131,0.0187,0.0069,0.0401,0.0188,0.0332,0.0174,0.0105,0.0059,0.0254,0.0135,0.028,0.0469,0.0126,0.0044,0.0193,0.0051,0.0106,0.0171,0.0157,0.0107,0.166,0.0268,0.0156,0.0211,7e-04,0.0058,0.0193,0.0055,0.0119,0.0037,0.0188,0.0011,0.0188,0.0264
19700908,0.0036,0.0059,0.003,0.0185,-0.0043,-0.0159,0.0045,-0.0031,0.0045,0.008,0.0063,-0.0184,0.0201,4e-04,0.0056,0.0069,-0.0023,0.0026,0.011,0.0044,-0.009,0.0057,-0.002,-0.0125,0.0107,0.0105,-0.0015,0.0348,0.0135,-0.0016,0.0011,-2e-04,0.0088,0.0028,0.018,0.0107,0.1765,0.0085,0.0109,0.0061,-0.0029,-0.0068,0.0201,0.0058,0.023,-0.0014,0.0025,0.0153,0.0107,-0.0052
19700909,-0.003,0.0113,7e-04,0.0015,-0.0071,0.0014,-0.0075,-0.0019,0.0098,-0.0045,0.0081,-0.016,0.0096,0.0042,-0.0051,-0.0014,-0.0062,3e-04,-0.0186,9e-04,7e-04,0.0021,-0.0072,-0.0035,-0.0026,-0.0081,-0.0088,-0.0164,-4e-04,0.0511,-0.0056,-0.0011,-3e-04,-0.0165,-0.0083,-0.0083,-0.0279,3e-04,-0.0061,0.0024,0.0052,-0.0054,0.0046,-0.0053,0.0033,-0.0018,-0.0128,0.0044,-0.0071,0.002
19700910,-0.0058,-0.003,-7e-04,-0.0031,-0.0044,-0.001,-0.0066,-0.0033,-0.0095,-0.0019,-0.001,-0.0114,-0.0106,-0.0038,-0.0088,0.0037,5e-04,-0.0095,5e-04,-0.003,-0.0012,-0.0018,-0.0063,-0.0033,-0.0036,-0.0095,-0.0042,-0.0063,-0.0083,0.0317,-0.0031,-0.0047,-0.0122,-6e-04,-0.0024,-0.0171,0.0084,-0.0042,-0.0081,-0.0071,-0.002,-0.004,-0.0034,-0.0026,-0.0071,-0.0032,-0.0064,-0.0199,-0.0061,0.0021
19700911,0.0035,0.0041,0.0011,0.001,0.0064,9e-04,0.0107,0.036,-0.0022,0.0096,0.0048,0.0104,0.0011,0.004,0.0027,0.0168,0.0101,0.0114,-0.003,0.004,0.0092,0.0058,0.0033,0.0052,0,0.003,0.021,0.0039,0.0149,0.0109,-0.0044,0.0025,0.0044,0.0165,0.0092,0.0038,0.0391,0.0087,0.0154,-0.0161,-0.0039,0.0171,0.0067,0.0012,0.0196,0.0079,0.0081,0.0174,0.0058,0.0297
19700914,-0.0051,-5e-04,-4e-04,0.0051,-0.0019,-0.007,-0.0099,-0.0219,-0.0067,-0.0097,-0.0066,0.0185,-0.0067,-0.0017,-0.0071,0.002,-0.0031,-0.0025,-0.0176,-0.0085,-0.019,-0.0012,-0.0029,-0.0137,-0.0043,6e-04,-0.0017,-0.0166,-0.0152,-0.0198,-0.0075,-3e-04,0.0018,6e-04,-0.0022,-0.0098,-0.0696,-0.0122,-0.0051,-0.0094,6e-04,-0.0072,-0.0041,0.0042,-0.0022,2e-04,0.0011,0.0036,7e-04,0.017
19700915,-0.0098,-0.0182,-0.0089,-0.0158,-0.0019,0.0027,-0.0146,0.0076,-0.011,-0.0036,-0.0136,-0.0291,-0.027,-0.0061,-0.0081,-0.0098,-0.0113,-0.0145,-0.0291,-0.0132,-0.0034,-0.0098,-0.0055,-0.0089,-0.0161,-0.0182,-0.018,-0.0092,-0.0095,0.006,-0.0152,-0.0083,-0.0106,-0.0085,-0.0199,-0.0017,-0.0147,-0.0152,-0.0089,3e-04,-0.0013,-0.015,-0.0127,-0.0131,-0.0186,-0.008,-0.0051,-0.0078,-0.0152,-0.0238
19700916,0.0057,0.016,0.007,-0.002,0.0031,-0.0029,0.0064,0.037,0.012,0.0085,0.0035,0.0288,0.0214,0.0031,0.0028,-0.0029,0.0063,0.003,0.0162,0.0023,0.0077,0.0041,0.0153,0.0183,0.0093,-0.0035,0.001,0.0088,0.0129,0.0583,0.0063,7e-04,-0.023,0.0123,0.0109,0.0194,0.0536,0.0159,0.0241,-0.0056,0.0013,0.0032,0.0109,0.0021,0.0157,0.0042,0.018,0.0174,0.0132,-0.0495
19700917,0.008,0.0154,0.0101,0.0023,0.0143,0.0091,0.0155,0.0201,0.0134,0.0112,0.0164,0.0502,0.0112,0.0025,0.0053,0.0042,0.008,0.0165,0.0214,0.0034,0.0187,0.0071,0.0136,0.0042,0.014,0.0129,0.0081,-0.0076,0.0177,0.0199,0.0108,0.0019,-0.0152,0.0307,0.0154,0.0201,0.0095,0.0164,0.0087,0.0076,-0.0035,0.0102,0.0201,0.0103,0.0328,0.0064,0.0193,0.0161,0.0153,0.0085
19700918,0.0044,-0.0018,-0.002,0.001,0.0054,0.0012,0.0198,0.019,-0.0022,0.0045,0.0063,0.003,-0.0038,0.0034,-0.001,0.0023,0.0096,0.0039,0.0301,0.0052,-8e-04,0.007,0.0069,0.0093,0.0185,0.008,0.0095,-0.0052,0.0029,0.0078,0.0016,0.0022,-0.0017,0.0235,0.009,0.0105,-0.0105,0.0074,0.0021,-5e-04,-0.0018,0.0176,0.0143,0.0064,0.0373,-0.0038,0.0039,0.0268,0.0144,0.0079
19700921,-0.0084,0.0024,-0.0048,-0.0052,-0.0048,-0.0051,-0.0102,-0.0193,-0.0019,-0.0045,-0.0045,-0.0452,-0.015,2e-04,-0.0032,-8e-04,-0.0045,-0.0038,-0.0017,-0.01,-0.0162,-0.0047,-0.0055,-0.0051,-0.0049,-0.0073,-0.0178,9e-04,-0.0031,0.0125,-0.0189,-0.0026,-0.0034,-0.009,-0.0112,-0.0179,-0.0403,-0.0148,-0.0141,-0.0055,-0.0063,-0.0067,-0.0098,-0.0055,-0.0132,-0.0135,-0.0044,-0.0126,-0.0122,-0.0157
19700922,-0.0036,-0.0192,-0.0021,0.0015,-0.0025,0.002,1e-04,-0.0094,-4e-04,-3e-04,0.0026,-0.0115,-5e-04,2e-04,-0.005,-0.0099,5e-04,-0.0046,-0.01,-0.0012,-0.0058,-0.0062,-0.0016,-0.0066,-0.0058,0.009,-0.006,0.017,-0.0015,0.0293,0.0016,-0.0016,-0.0072,-0.002,-0.0022,-0.0068,0.042,-0.0135,0.0063,0.0041,-0.0081,-0.0099,0.0013,-0.0055,-0.0099,-0.0102,-0.0059,-0.0134,-0.0043,-0.0094
19700923,0.0135,0.0059,0.005,0.0123,0.013,0.0051,0.0201,0.0372,0.0059,0.0097,0.0122,0.0194,0.0091,0.0128,0.0025,0.0148,0.0103,0.0162,0.0315,0.0073,0,0.0104,0.0105,0.0107,0.0062,0.0098,0.0089,-0.0044,0.015,0.0061,0.026,0.0026,0.014,0.0452,0.0222,0.0289,0.1006,0.0215,0.0131,-0.0011,0.0096,0.0104,0.0181,0.0138,0.0144,0.0036,0.0185,0.0172,0.0113,0.0059
19700924,0.0143,0.0468,0.0113,0.0146,0.0065,0.0081,0.0165,0.0488,0.0221,0.0148,0.0209,0.1328,0.0279,0.0158,0.0092,0.0157,0.0129,0.0203,0.0249,0.0152,0.0161,0.0179,-0.0176,0.0093,0.0267,0.0187,0.0057,0.0135,0.0141,2e-04,0.0133,0.0011,0.0052,0.0451,0.0271,0.031,0.0882,0.0237,0.0326,0.0049,0.0272,0.0293,0.0362,0.0137,0.0132,0.0058,0.0117,0.0607,0.0252,0.0643
19700925,0.0017,-1e-04,0.0041,0.0099,-0.001,-7e-04,0.0011,-0.0063,0.0034,0.0031,0.0105,0.0333,0.0213,0.0029,-0.0015,0.0099,0.002,0.007,0.0083,0.0016,0.0292,0.0079,0.0053,0.0045,0.0065,0.035,0.0171,-0.006,0.001,-0.0213,-1e-04,-0.0025,0.0027,0.0122,0.0044,0.002,0.0345,0.002,-0.0061,-8e-04,-0.0051,-0.0013,0.0078,7e-04,0.0048,-0.0038,-0.0015,-0.015,-0.004,-0.0131
19700928,-6e-04,0.0127,-0.0015,0.0045,1e-04,-0.0092,-0.003,-0.0136,-0.006,-7e-04,3e-04,0.0676,-0.0143,0.0016,-0.0027,0.0067,-0.0043,-7e-04,0.0093,-0.0033,0.0331,-0.0033,-0.014,-0.0072,0.0095,0.001,0.0209,-0.0069,-0.0075,0.0044,-4e-04,-0.0011,-0.0028,-0.028,0.0078,0.0035,0.0463,-0.0038,0.0212,-0.0012,3e-04,0.017,0.0206,0.0026,0.0096,-0.0035,0.0032,-1e-04,9e-04,0.0161
19700929,0.0058,0.0204,0.009,-0.0011,0.0086,0.0069,0.013,0.0186,-0.0046,0.0032,0.0089,0.0601,0.0038,0.0048,0.0048,0.0039,0.0038,0.0072,0.0128,0.0058,0.0203,0.0022,0.0116,0.0122,0.0059,0.0137,0.0128,-0.0045,0.0159,0.0162,0.0032,0.0012,9e-04,0.0205,0.0069,0.0077,0.052,0.0045,0.0168,0.0012,0.0013,0.0334,0.0055,0.0094,0.0214,0.0017,0.0111,0.0049,0.0084,0.0179
19700930,-0.0012,0.003,0.0028,-0.0062,0.0055,0.0048,3e-04,-0.0233,2e-04,-0.0036,0.0085,-0.035,-0.0061,0.0023,-0.0045,0.0067,0.0047,-0.0026,0.0064,0.0025,0.0083,0.0041,0.0056,-0.0069,-0.0154,-0.0069,-0.0037,-0.0068,-1e-04,0.0158,-0.0011,-0.002,0.0047,0.016,-0.0068,-0.0013,-0.0919,-0.0014,-0.0188,-8e-04,0.0089,2e-04,-0.008,0.0028,-0.0055,0.0068,-0.0015,-0.0066,9e-04,-0.0075
19701001,0.0012,-0.0085,-0.0017,0.002,0.0102,0.0059,-7e-04,-0.0047,-0.003,3e-04,8e-04,-0.0064,0.0052,-2e-04,-0.005,-0.0177,0.0071,-0.0018,-0.0157,-0.0045,-0.0088,-0.0015,0.001,0.0022,-0.004,-0.0043,-0.0014,0.004,-0.0025,-0.0087,0.0055,4e-04,-0.0088,-0.0044,0.0013,0.0142,0.0311,0.003,1e-04,0.0034,-0.0065,0.0051,-7e-04,0.004,0.0047,2e-04,-0.0084,-0.008,0.0038,0.0057
19701002,0.0105,0.0109,0.0086,0.0143,-4e-04,0.0085,0.0064,0.0109,0.0061,0.0143,0.0041,0.0207,0.0108,0.007,0.0099,0.0043,0.0102,0.0071,0.0069,0.0022,0.016,0.0129,0.0064,0.0054,0.0016,0.0153,0.0142,0.0051,0.0038,0.0529,0.0209,0.0029,0.004,-0.0043,0.0151,0.0117,0.0566,0.0146,0.0268,0.0021,0.0063,0.0385,0.0121,0.0056,0.0113,0.003,0.0027,0.0152,0.0095,0.0298
19701005,0.0144,0.0095,0.0013,0.0208,0.0045,0.0328,-0.001,0.028,0.006,0.0242,0.0117,-0.0235,0.0254,0.0094,0.0086,0.0206,0.0166,0.0163,0.006,0.0129,0.0102,0.014,0.0063,0.0131,0.0228,-0.0016,0.0429,0.0024,0.012,0.0212,0.0196,0.0045,0.0094,0.0209,0.015,0.0254,0.0036,0.0161,0.0131,0.0095,0.0108,0.0128,0.0108,0.0143,0.0329,0.0084,0.0222,-0.0038,0.017,0.0171
19701006,0.0023,0.0039,0.006,0.0356,-0.0074,0.013,0,-0.0147,0.0086,-0.0053,0.0021,-0.0458,0.0087,0.0079,0.0017,0.0021,-0.0025,-4e-04,-0.0112,0.0302,-0.0055,0.0081,0.002,0.0084,0.0023,-0.0016,-0.012,0.0162,0.0011,-0.0279,0.0081,-0.0028,0.001,-0.0339,-0.0071,-0.0024,-0.0925,-0.0051,0.001,-0.0018,0.0139,-0.0207,-0.0116,0.0052,-0.0179,0.0018,-0.0043,-0.0083,-0.0039,-0.0161
19701007,-3e-04,0.0038,0.0035,-0.0125,0.0031,-0.0016,0.0068,0.0085,-0.0023,-0.0012,2e-04,0.0213,-0.0116,6e-04,-0.0058,0.0033,-0.0045,-0.0012,-0.0015,0.0116,0.0049,-6e-04,0.0025,0.0033,0.0047,-0.0049,-0.0122,4e-04,0.0021,-0.0031,0.0035,-8e-04,0.0024,-0.0023,0.0014,-0.0053,0.0431,0.0053,-0.0144,-0.0078,-0.0014,-0.0081,0.0046,-0.0013,0.0017,4e-04,-0.0056,-0.0064,-0.0015,0.0059
19701008,-0.0115,-0.0178,-0.0053,-0.022,0.0033,-0.0061,-0.0156,-0.0173,-0.0064,-0.008,-0.0054,-0.0238,-0.0168,-0.008,-0.014,0.0043,-0.0083,-0.0076,-0.0158,-0.0218,-0.0317,-0.0052,-5e-04,-0.0093,-0.0187,-0.0095,-0.0301,-0.0177,-0.0166,-0.0073,-0.0113,-0.0031,-0.0035,-0.0378,-0.0178,-0.027,-0.0338,-0.0281,-0.0296,-0.0206,-0.0011,-0.0127,-0.015,-0.0068,-0.0163,-0.0058,-0.0153,-0.0187,-0.0174,-0.0293
19701009,-0.0097,-0.0073,-0.0046,-0.0141,-0.0109,0.0044,-0.0129,-0.0086,-0.0155,-0.0117,-0.0043,-0.0184,-0.0213,-0.0053,-0.0088,-0.0089,-0.0031,-0.0053,-0.0054,-0.0109,-7e-04,-0.0133,0.0014,-0.0114,-0.0127,-0.001,-0.0153,0.0227,-0.0138,-0.0113,-0.0166,-0.004,-0.0069,5e-04,-0.0065,-0.0097,-0.0233,-0.0164,-9e-04,-0.0065,-0.0114,-0.009,-0.008,-0.0086,-0.0025,-0.0085,-0.0054,-0.0215,-0.0065,-0.0291
19701012,-0.0098,-0.0073,-0.0011,-0.001,-0.0017,-0.01,-0.02,-0.0087,-0.0011,-0.0075,-0.0153,0.0097,-0.0069,-0.0126,-0.0029,-0.0055,-0.0082,-0.0158,-0.01,-0.0107,-0.0136,-0.0082,-0.0045,-0.0116,-0.0168,-0.0048,-0.0056,-0.0139,-0.0018,-0.0244,-0.0062,-0.0014,-0.0157,-0.0089,-0.0069,-0.0179,0.0239,-0.0129,-0.0091,-0.011,-0.0027,-0.0108,-0.0148,-0.0136,-0.0127,-0.0069,-0.0082,-0.0147,-0.0115,0.0019
19701013,-0.0026,-0.0066,-0.0038,0.0035,-0.0059,0.0079,-0.0038,-0.0025,-0.0081,-0.0042,-0.0037,-0.0058,0.0091,-0.0012,-0.0016,-0.0088,-0.0033,-0.0074,-0.0178,-0.0087,-0.0063,-0.0084,0.0014,-0.0037,-0.005,-0.0155,-0.0046,0.0042,-0.0092,0.0248,-0.0013,-0.0021,-0.0052,-0.005,0.0026,0.007,0.0195,0.0023,0.0036,-0.0136,-0.0046,-0.0045,-0.0019,-0.0013,2e-04,-0.0045,-0.0083,0.0196,-0.0083,-0.029
19701014,0.0013,-0.0163,-4e-04,0.0118,0.0108,8e-04,0.0111,0.0035,0.0031,0.0025,0.0024,5e-04,0.0062,-5e-04,0.0047,-0.0067,0.007,-0.0076,0.0057,-0.0019,0.006,-0.0013,-0.0026,0.0062,0.0011,0.0079,-0.0088,0.0061,-0.0034,-1e-04,0.0062,0.002,-0.0045,-0.0022,0.0025,-7e-04,-0.0115,-0.0079,0.0072,-0.018,0.0075,0.0058,0.0066,0.0037,0.0059,-0.005,-7e-04,-0.0058,2e-04,-0.008
19701015,0.0041,0.0207,0.0024,-0.0045,-0.0041,0.0072,-0.0046,-0.0041,0.0121,0.003,-0.0017,-0.0054,3e-04,0.0027,0.0011,-0.0015,-0.0039,0.0021,-0.0129,-9e-04,-0.0086,0.0018,0.0016,-0.0028,0.0032,-0.0046,-0.0104,0.011,0.0049,0.0297,0.0126,-5e-04,0.0098,-0.0053,0.0031,0.0018,-0.0309,9e-04,-0.0051,0.0207,0.004,0.0181,-0.011,0.0093,0.0051,0.0027,0.0062,-0.018,0.0082,-0.015
19701016,-0.006,-0.0018,-0.002,0.0105,-0.0069,-0.0125,-0.0174,-0.0053,-0.0111,-0.0082,-0.0038,-0.0479,-0.0197,-2e-04,-0.0093,-0.0104,-0.0032,-0.0078,-0.0107,-0.0104,-0.0065,-0.0057,-0.0098,-0.0014,-0.0078,0.0055,-0.0128,-0.0174,-0.005,0.003,-0.0023,-0.0014,9e-04,-0.0108,-0.0093,-0.0117,-0.0876,-0.0201,-0.0095,-0.0096,-0.0109,-0.015,-0.0113,-8e-04,-0.0164,-0.009,-0.0181,-0.02,-0.006,-0.0169
19701019,-0.0141,-0.0025,-0.0091,-0.0069,-0.0089,-0.0119,-0.0095,-0.0167,-0.01,-0.0104,-0.0126,-0.0536,-0.0129,-0.0046,-0.0045,-0.0164,-0.0134,-0.0045,-0.0258,-0.0076,-0.0174,-0.011,-0.0118,-0.0201,-0.0215,-0.004,-0.0136,-0.0143,-0.0145,-0.0281,-0.0225,-0.0064,-0.0115,-0.0147,-0.0254,-0.0221,-0.0568,-0.0262,-0.0365,-0.001,-0.0056,-0.0216,-0.0204,-0.0085,-0.0265,-0.0129,-0.016,-0.0245,-0.0218,-0.042
19701020,0.0057,-0.0069,-0.0013,0.0047,0.0039,0.0146,0.0069,0.0176,0.005,0.0093,0.0084,0.0066,0.0363,0.0024,0.0059,-0.0045,0.0028,0.0043,0.0019,-0.0012,0.0049,-6e-04,1e-04,0.008,-0.0033,-0.0055,6e-04,0.0041,-0.0015,0.0318,0.0039,0.004,2e-04,0.0046,0.014,0.0235,0.0926,0.0108,0.0179,0.0059,-0.0067,0.0025,0.0017,0.0032,0.0023,-7e-04,0.0013,0.0332,0.0061,0.0043
19701021,-8e-04,-0.0015,0.0049,-0.0044,0.0046,0.0221,0.0027,-0.0106,0.0013,3e-04,-0.0031,0.0058,-0.0052,0.0024,1e-04,-0.0099,3e-04,0,0.0117,-0.0043,-1e-04,-7e-04,-0.003,-0.0028,-0.0073,-0.0011,-0.0152,-0.0072,0.0015,-9e-04,0.0035,-8e-04,-0.0046,0.0161,-0.0023,-0.0095,-0.0424,-0.0021,0.0047,0.0081,-0.0021,0,-0.0046,0.0022,0.0101,-0.0012,-0.0026,-0.0092,0.0022,0.0091
19701022,-0.0043,0.0038,-0.0014,0.0096,-0.0091,-0.0022,-0.0034,-0.0108,-0.0074,-0.0074,-0.0109,-0.0458,-7e-04,-0.0057,-0.0058,-0.0019,-0.0085,-0.0058,-0.001,-0.0058,-0.0055,-0.0055,-0.0032,0.0025,-0.0126,0.006,-0.0019,-5e-04,-0.0066,-0.0115,3e-04,-0.0021,-0.0053,-0.0115,-0.0079,-0.0063,0.0133,-0.0112,-0.0015,-0.0049,-0.0041,-0.0104,-0.0047,-0.0045,3e-04,-0.0069,-0.0084,0.0032,-0.0127,0.0044
19701023,0.0049,0.0265,0.0051,-6e-04,0.0108,0.0243,0.0126,0.0228,-0.0013,0.004,0.0022,0.0452,0.0049,0.0041,0,0.0012,0.0041,0.0038,0.0011,-0.004,0.0116,0.0036,0.0035,0.0027,-0.0065,-0.0021,-0.0054,0.0203,0.0068,0.02,0.0084,0.0048,-0.0011,0.0205,0.0059,0.0203,0.0349,0.0043,0.0082,0.0038,0.0018,0.0034,0.0094,-3e-04,0.0011,0.0034,7e-04,0.0108,-0.0048,-0.0082
19701026,-0.0053,-0.0131,-0.0011,0.0018,-0.0069,-0.0052,-0.0038,-0.0171,0.0043,0.0024,-0.0061,-0.025,-0.0021,-0.0017,-0.0042,-0.0061,-0.0074,-0.0017,-0.0104,-0.0049,-0.0155,-0.0043,0.0034,-0.0104,-0.0133,-8e-04,0.0089,0.0512,-0.0137,-0.0084,-4e-04,-7e-04,-0.0083,0.0177,-0.002,-0.0178,-0.0506,-0.0101,-0.0179,-0.0093,-3e-04,-0.0182,-0.0056,-0.0076,-0.0028,-0.0059,-0.0345,-0.008,-0.0074,-0.0202
19701027,-0.003,-0.0076,-7e-04,4e-04,-1e-04,-3e-04,-0.0018,-0.0065,0.0013,0.0011,-0.0052,-7e-04,-0.0032,-0.0013,-0.0073,-0.0034,-0.0025,-0.0046,-0.008,-0.0037,-0.019,0,0.001,-0.0076,-0.0072,0.0023,-0.0163,-0.0042,-0.0099,0.0052,-0.003,-0.0014,-0.0026,-0.0074,0.0021,0,0,-0.0106,-0.0063,-0.0036,-0.0075,-0.0069,-0.0067,-0.0021,-0.0038,-9e-04,-0.0044,-0.0043,-0.0078,-0.0081
19701028,0.0032,-0.0088,0.0017,0.0036,-0.0044,0.0012,0.0131,0.012,0.0052,0.0105,0.0023,0.0157,0.0049,0.0039,8e-04,-0.0079,0.0015,0.0037,0.0046,-0.0048,-0.0139,-0.003,0.0066,-0.0011,-2e-04,-0.0153,7e-04,-0.0119,-0.0012,0.0143,7e-04,-4e-04,-0.0018,0.0071,-0.001,0.0193,0.0489,0.0084,-0.005,0.0033,-0.004,0.0062,0.0025,0.0032,0.0089,-7e-04,0.0059,-7e-04,0.0025,-0.0281
19701029,-0.0018,-0.0065,-0.001,-0.0096,-3e-04,0.0012,-0.0022,-0.0107,-0.0039,-0.0044,-0.0044,-0.007,-0.0037,0.0016,-0.0018,-0.0052,-4e-04,-0.001,-0.0067,-0.004,4e-04,-0.002,0.0021,-0.0032,-0.0047,0.0079,0.0022,-0.0175,2e-04,-0.0063,-0.001,-8e-04,0.0047,0.0011,-0.0088,0.0041,-0.2076,-0.0084,-2e-04,-0.0066,-0.0026,9e-04,-0.0079,-0.0019,-0.0027,-0.004,-5e-04,-0.0121,-0.0156,-0.0204
19701030,-7e-04,-0.0016,-1e-04,9e-04,0.0058,0.0061,-0.007,-0.0013,-0.0117,-0.0046,0.0051,-0.0232,0.0063,3e-04,-0.0029,0.0051,7e-04,3e-04,-0.0071,0.0026,0.0044,-0.0011,-0.0016,0.0055,-0.0115,-0.0162,0.0062,-0.0185,-6e-04,7e-04,0.0013,0.0019,0.0097,-0.0044,-0.0049,-0.0105,-0.0856,-0.0036,0.0091,-0.0099,0.004,-0.0042,-0.0014,-0.0021,-0.0086,9e-04,-0.0022,0.0026,-0.0038,-0.0178
19701102,0.0032,0.0026,0.0024,0.0026,-0.0064,0.0057,0.0014,0.0139,-0.0041,0.0045,-0.0013,-0.011,0.0026,2e-04,0.0033,-1e-04,-0.0044,-0.0023,6e-04,0.0033,-0.0034,-0.0026,-0.0018,0.0031,0.0047,0.0036,0.0023,0.0113,0.0026,0.012,0.001,0.0033,0.009,0.0017,0.0097,0.0175,0.0702,0.003,0.0115,-0.0049,-0.0041,0.0014,0.0013,-0.001,-0.011,0.0053,0,-0.0037,0.0101,0.0093
19701103,0.0085,0.0159,0.005,0.0046,0.0048,0.0265,0.0059,0.0227,0.0018,0.0126,0.0028,0.0395,-0.0027,0.0067,0.012,0.0107,0.0053,0.008,0.0257,0.0134,0.0134,0.0011,0.0072,0.0209,0.0145,0.0183,0.0192,-0.0028,0.0098,0.0247,0.0094,0.006,0.0174,0.0011,0.0096,-0.0086,0.0164,0.0154,0.0061,-8e-04,6e-04,0.0114,0.0119,0.0083,-5e-04,0.0113,0.0114,0.0121,0.0156,0.0085
19701104,0.0018,-0.0056,0.0042,0.0073,0.0018,0.0194,-0.0029,-0.0029,0.0024,-0.0022,0.0016,-0.0114,-0.0041,0.0063,0.003,-0.0027,-0.0039,-0.003,-0.0017,-7e-04,-0.0072,-0.0016,0.0056,0.008,-0.0044,0.0207,-0.0046,-4e-04,-0.0026,0.0252,0.0043,0.0041,0.0018,-0.0058,-0.0043,-0.002,-0.0484,-0.0059,0.0038,0.0036,0.0026,-1e-04,-0.0124,4e-04,0.0084,0.0038,0.0131,0.0081,-9e-04,-0.0248
19701105,-0.002,3e-04,0.0026,0.0015,-0.004,-0.0034,0.0063,-0.0027,0.0011,-0.0039,-4e-04,-0.032,0.0103,0.0034,0.0035,-0.0033,-0.0036,-0.0048,0.0106,-7e-04,-0.0082,-0.0013,0.0028,0.0074,-0.0179,0.0091,-0.0034,0.0017,-9e-04,-0.0115,-0.0063,0.0039,-0.003,1e-04,-0.0031,-0.013,-0.0169,-0.0102,-5e-04,-0.0101,0.0063,-0.0087,0.0027,0,0.0058,-0.0035,0.0016,0.0089,-0.0055,0.0137
19701106,9e-04,-0.008,0.0039,0.0039,0.0019,-0.0067,-0.0044,0.0067,0.006,5e-04,-6e-04,0.0019,-0.0055,0.005,-0.0013,-5e-04,0.0022,0.0046,0.0066,0.0028,0.0183,1e-04,-0.0064,0.0097,-0.0086,-0.0028,0.0047,-0.0218,0.0019,0.0203,-0.0053,0.003,0.002,-0.0104,-0.0097,0.0017,-0.0057,0.0055,-0.0105,-0.0047,0.0031,0.0074,-0.0015,0.0017,-0.0048,-0.0037,0.0086,0.0027,0.006,-0.0156
19701109,0.005,-0.002,0.0029,-4e-04,-0.0023,0.0024,-0.0018,0.0165,0.0069,0.0105,0.001,0.0371,0.0021,0.0024,0.0103,-0.0034,2e-04,0.0036,0.0053,0.0084,-0.0037,0.0044,-0.0033,0.0033,0.0057,0.0114,-0.0031,-0.0042,-0.0022,0.0172,0.0022,0.008,-0.0015,0.0176,0.0048,0.0099,0.0405,0.0184,-0.0033,0.0096,0.0087,-0.0022,0.0097,0.0065,0.0092,0.0023,0.0056,0.0252,0.0015,-0.0407
19701110,0.0015,0.0047,0.0044,0.0173,1e-04,-0.0036,0.0033,-0.0147,0.0101,0.004,-0.0022,-8e-04,-0.0037,0.0073,0.0016,0.0017,0.0064,0.0034,-0.0047,-6e-04,0.0123,-7e-04,0.0021,-0.0042,-0.0038,0.0108,0.0163,0.0055,-0.0025,0.01,0.0025,0.0062,-0.0035,-0.0266,0.0059,0.0023,0,-0.0035,-0.0044,0.0052,-0.0168,0.0045,-0.0045,0.0045,0.0023,0.0017,8e-04,-0.0076,0.0042,0.0012
19701111,0.0027,0.0048,0.0017,0.0026,0.0023,-0.0093,0.0052,8e-04,-2e-04,0.0024,0.0116,0.0029,-4e-04,-6e-04,0.0047,0.0056,0.0028,0.0062,0.0123,0.0035,0.0243,0.0089,7e-04,-0.0021,-0.0093,0.0217,0.0044,0.0101,9e-04,0.0064,0.0017,0.0061,0.0117,-0.001,0.0043,-0.0055,-0.0167,0.0086,-0.0034,-0.0043,-0.0037,0.0043,-0.0023,0.0095,0.0046,0.0035,0.0058,0.0041,0.008,0.0273
19701112,-0.0111,-0.0064,-0.0079,-0.0073,-0.0054,-0.0048,-0.015,-0.0253,-0.0089,-0.0134,-0.0106,-0.0503,-0.015,-0.0056,-0.0101,-0.0173,-0.0078,-0.0085,-0.0195,-0.0166,-0.0087,-0.0102,-0.0151,-0.0316,-0.0116,0.0029,-0.0163,-0.0151,-0.0147,-0.0438,-0.0127,-0.0052,0.0076,-0.0302,-0.0179,-0.0062,-0.0508,-0.0183,-0.0255,-0.0085,-0.0087,-0.0146,-0.0288,-0.0028,-0.0166,-0.007,-0.0178,-0.0175,-0.0163,0.0106
19701113,-0.0096,-0.0055,-0.0034,-0.0058,-0.0103,-8e-04,-0.012,-0.0104,-0.0139,-0.009,-0.01,-0.0248,-0.0052,-0.0121,-0.0105,-0.0069,-0.0143,-0.014,-0.0126,-0.012,-0.0238,-0.0128,-0.0087,-0.0037,-0.0164,-0.0042,0.0118,-0.0064,-0.0033,-0.0258,-0.0099,-0.0042,-0.0084,-0.0173,-0.0091,-0.0141,-0.0476,-0.0111,-0.0248,-0.0016,-0.0037,-0.0144,-0.0062,-0.0135,-0.0157,-0.0098,-0.0129,-0.0196,-0.0077,-0.0252
19701116,-0.0017,2e-04,7e-04,0.0044,-0.0043,-0.0069,-0.0109,0.0154,-0.0134,0.0041,-0.0023,0.0067,-0.0019,-4e-04,0.0039,0.0034,-0.0084,-0.0058,-0.0101,-0.0026,-0.0063,-0.0063,-9e-04,0.0116,-0.0032,-0.0048,-0.0175,-0.01,-0.0027,0.0049,-0.0073,-0.0014,-0.0066,-0.014,-0.0041,0.001,0.0625,-0.0045,0.0075,-0.0017,-0.0012,-0.0054,-0.0044,-0.0056,-0.009,0.0037,0.001,0.0023,-0.0017,0.0014
19701117,5e-04,-0.0089,-2e-04,-9e-04,-5e-04,0.0107,0.005,-0.0028,-0.0014,-2e-04,-0.0042,-0.0096,-2e-04,0.0035,-0.0015,0.0052,0.0042,-0.0014,-0.0049,1e-04,-0.0031,0.0032,0.0049,0.0053,-0.0046,0.003,-0.0123,5e-04,-0.0015,-0.0038,0.0041,0.0039,-0.0116,-0.0068,-0.0033,-0.0012,-0.0471,-0.0017,-0.0059,-0.0087,-0.0032,2e-04,-2e-04,0.0067,-7e-04,0.0016,5e-04,5e-04,0.002,-2e-04
19701118,-0.0077,-0.0089,-0.0045,-0.0077,-0.0052,-0.0076,-0.0141,-0.0217,0.0028,-0.008,-0.0095,-0.0225,-0.0159,-0.0042,-0.0088,-0.0139,-0.0101,-0.0066,-0.0163,-0.0139,-0.0193,-0.0036,-0.0061,-0.0139,-0.0204,-0.004,0.0032,-0.0137,-0.0101,-0.0206,-0.004,-0.0035,-0.0036,-0.0381,-0.0208,-0.0099,-0.0494,-0.0157,-0.0101,-0.0063,-0.0022,-0.0116,-0.0135,-0.0048,-0.0165,-0.0022,-0.0101,-0.009,-0.0094,-0.0208
19701119,9e-04,0.0033,-0.0015,-0.0011,5e-04,-0.0028,0.0069,0.0044,0.0058,0.0039,-0.0031,-0.0176,-0.0081,-6e-04,-0.0067,-0.0045,-8e-04,-5e-04,0.0038,-0.0045,-0.0161,-0.0014,-0.001,0.0064,-0.0048,-0.0019,0.0059,-0.0041,-8e-04,0.0146,0.0052,8e-04,-0.0071,-0.0015,0.0054,0.0018,0.013,-0.0014,0.0153,-0.009,-6e-04,0.0029,-0.0042,0.0072,0.0062,-0.0035,0.0014,-0.0035,-0.004,-0.031
19701120,0.0098,-0.0029,0.0044,0.0098,-0.0029,0.0128,0.0134,0.0273,0.003,0.0054,0.0047,0.0241,0.0118,0.0013,0.0069,0.01,0.0074,0.0056,0.007,0.0042,0.0257,0.0034,0.0163,0.0185,0.0081,0.0018,0.0337,-0.0041,0.0023,0.0234,0.0121,0.0069,0.0054,0.0039,0.0063,0.0195,0.0192,0.0208,0.0202,0.0119,0.0058,0.0156,0.0108,0.0094,0.0307,0.0076,0.014,0.0158,0.0109,0.0021
19701123,0.0063,0.0022,0.0039,-0.0037,0.0083,0.0076,0.015,0.0118,0.0062,0.0066,0.0061,0.0084,-0.005,-3e-04,0.0128,-0.0102,0.0116,-0.0012,-0.0123,0.0064,0.0023,0.0073,0.0035,0.0084,0.0067,8e-04,0.023,-0.0136,-0.0013,0.0225,0.0028,0.0119,0.0146,0.0012,0.0089,0.0081,0.0126,-0.0014,-0.0057,0.0066,0.0118,0.0078,0.0052,0.0104,-0.0054,0.0024,0.0019,0.0066,0.0126,5e-04
19701124,0.0058,-0.0015,0.0069,0.0147,0.0083,0.0143,0.0142,0.0081,0.0097,0.0028,0.0025,0.0051,0.0095,0.0044,0.0026,0.0033,0.005,0.0082,0.0053,-0.0011,0.0112,0.0037,0.0029,0.0149,0.0046,0.014,0.0188,0.0032,-0.0054,0.0063,0.0137,0.0098,-0.0091,-0.0184,0.0061,0.0052,0.0186,0.0036,0.0086,-0.0022,9e-04,0.0017,-0.0105,0.0038,0.003,0.0017,0.0087,-0.0107,0.0053,-0.014
19701125,0.0042,-0.0046,0.0028,0.0159,-0.0022,0.0133,0.0064,0.0062,0.0066,0.0027,0.0056,-0.0114,0.0119,0.004,-7e-04,-4e-04,0.0022,0.0043,0.0037,-0.0069,0.0122,0.0099,0.0129,0.0025,0.0102,-5e-04,0.0235,0.0122,0.001,-0.0102,0.0112,0.0073,0.0035,0.0212,0.0017,-0.0027,0,0.0071,0.009,-0.0152,0.0102,5e-04,-0.0033,0.0011,0.0063,0.0067,0.006,0.0051,0.0014,0.0161
19701127,0.0098,-0.0019,0.0085,-3e-04,0.0122,0.0153,0.0109,0.0196,0.0024,0.0061,0.0089,0.0249,0.0195,0.0026,0.0054,3e-04,0.0117,0.0029,0.0011,0.0116,0.0027,0.0107,0.0036,0.0036,0.0289,0.0012,0.0163,0.0185,0.001,-0.0032,0.0101,0.01,0.0159,0.0285,0.0143,0.0293,0.0427,0.0184,0.0144,-0.0015,0.0067,0.0042,0.0144,0.0078,0.024,0.0116,0.0016,0.0121,0.0095,-0.0232
19701130,0.0167,0.0042,0.0149,0.0081,-0.005,0.0152,0.0318,0.0371,0.0147,0.0191,0.0246,0.049,0.0132,0.012,0.0151,0.0228,0.0222,0.0206,0.0156,0.0261,0.0661,0.0167,0.0165,0.0142,0.0513,0.0106,0.02,-0.0083,0.0186,0.0202,0.0138,0.0136,0.0263,0.0435,0.0217,0.0021,0.0994,0.0388,0.0194,0.0222,0.001,0.0311,0.0266,0.0258,0.0203,0.0128,0.0183,0.0408,0.0289,0.0162
19701201,0.0029,-0.0086,0.01,0.0015,0.0037,-0.0167,0.0077,-0.0058,0.0075,-0.0018,0.0145,0.0023,-0.009,0.0043,0.0025,0.0071,0.0083,0.0079,0.0108,-0.0021,0.0153,0.0148,0.0122,3e-04,1e-04,0.0167,-0.0132,-0.0083,0.0042,0.0018,-0.0019,0.0099,0.0047,-7e-04,-0.0105,0.0015,-0.0532,0.0059,-0.0076,0.0154,0.0047,0.0115,0.0034,0.0021,3e-04,0.0145,0.0074,-1e-04,0.0059,0.0292
19701202,0.0122,0.0015,0.0106,0.0094,0.0171,0.012,0.0086,0.01,0.0099,0.0122,0.016,0.0101,0.0141,0.0086,0.0128,0.013,0.0095,0.0066,7e-04,0.0041,2e-04,0.0159,6e-04,0.0162,0.0056,0.0044,0.0037,0.013,0.0052,0.0114,0.0067,0.0096,0.0237,0.0083,0.0214,0.0236,0.0674,0.0252,0.015,0.0229,0.0101,0.0135,0.0072,0.0056,0.0273,0.0111,0.0075,0.0199,0.0145,0.0077
19701203,0.0045,0.0066,0.0116,0.0078,0.0086,-0.009,-0.0038,-0.0043,0.0104,0.0051,0.0159,0.0016,-0.0076,0.0165,0.0096,-0.0018,0.0119,0.005,-0.0022,0.0065,0.0053,0.0103,0.0037,0.0022,0.0152,0.0091,0.0128,-0.0127,0.0062,0.0072,0.0022,0.0065,0.0013,-0.0192,0.0045,-0.0082,-0.0316,0.0041,-0.0043,0.0046,0.0081,0.0066,0.0028,0.0122,0.0057,0.0093,0.0071,0.0112,0.0083,-0.017
19701204,0.0057,0.0162,0.0045,0.007,0.0064,0.0124,0.0082,0.0165,0.0027,0.0043,0.0016,-0.0014,6e-04,0.005,0.0127,0.0036,0.0098,0.0043,0.009,0.0134,-0.0103,0.0062,0.0037,0.0099,-0.0141,-0.0095,0.0118,-0.0135,-0.0052,0.0332,0.0078,0.0037,0.0063,-0.0016,0.0044,0.0018,-0.0109,0.0055,0.0223,-0.0109,0.0125,0.0131,-8e-04,0.006,0.0063,0.0044,0.0037,0.0075,0.001,-0.003
19701207,0.0058,0.0117,0.0065,0.0106,0.0107,0.0188,0.0062,0.0095,0.0079,0.0064,0.0196,-0.0024,0.002,0.001,0.0052,0.0093,0.0084,0.0091,-7e-04,0.0047,0.0166,0.0139,0.0061,0.0143,0.0156,0.0029,0.0141,-0.0025,0.0053,-0.0049,-0.0074,0.0048,0.0059,0.0052,-0.0017,0.0138,0.0165,0.0156,0.0102,0.0172,0.0115,0.0046,0.0216,0.0023,-0.001,0.0011,0.0171,0.0267,0.0073,0.0653
19701208,-0.0052,-0.0055,-0.0056,0.0065,-0.0068,-0.0032,-0.0027,-0.0123,-0.0033,-0.0015,0.0024,-0.0088,-0.0026,0.0027,-0.0046,0.001,3e-04,-0.0047,-0.0086,-0.0071,-0.0038,0.0046,0.0044,-0.0199,-0.0046,-0.0025,-0.0086,-0.0056,-0.0053,-0.0217,-0.0047,-0.0051,-0.011,-0.0347,-0.0013,-0.0034,-0.0649,-0.0063,-0.0101,0.0042,0.0025,-0.0056,0.0033,-0.0019,-0.012,-0.0041,-0.0024,-0.0124,-0.0091,-0.0348
19701209,1e-04,-0.0048,0.0011,-0.0129,0.0063,-0.005,0.0085,-3e-04,0.0138,0.004,1e-04,-0.0104,0.0064,-2e-04,0.0087,-0.0048,0.0037,-0.001,-0.0017,-4e-04,-0.0065,-0.0051,0.0021,0.0054,-0.0063,-0.0068,-0.01,-0.0029,0.0022,-0.0205,-0.0016,-3e-04,-0.0064,0.0078,-0.0017,0.0031,0.0289,0,4e-04,0.0034,-0.0017,-0.0032,-0.0026,0.0016,-0.0042,-0.0067,-0.0036,0.0097,-0.0027,-0.0105
19701210,0.0034,-0.0196,0.0032,-0.0045,1e-04,0.0078,0.0014,-0.0078,0.0081,0.0047,0.0057,-0.0101,-0.0015,0.0038,0.0055,0.0044,0.0048,0.0019,0.0178,0.0085,0.0155,0.0109,0.002,-9e-04,0.0123,0.0035,-0.0039,-0.0152,-0.003,0.0126,0.0079,0.0012,-0.0025,0.0181,0.0042,7e-04,-0.0337,0.0082,0.0028,0.0093,0.0077,0.0013,0.0035,0.0063,0.0077,7e-04,-0.0015,7e-04,0.003,-0.0226
19701211,0.0037,-0.0096,0.0089,-0.0061,0.0098,0.0081,0.0081,0.0084,0.0135,7e-04,0.0133,0.037,-0.0128,0.0011,0.0054,0.0125,0.002,0.0042,6e-04,0.0014,0.0159,0.0083,-0.0032,0.0055,0.0101,0.0061,0.01,0.0074,0.0071,0.0012,0.0045,0.0066,0.0104,0.0134,0.0023,-0.003,0,0.0085,0.0028,6e-04,0.0139,-0.0013,0.01,0.0044,0.0021,0.0064,0.0039,-0.0041,0.0055,-0.0088
19701214,-0.0057,0.0029,0,-0.0026,-0.0059,-0.0235,-0.006,-0.0134,-0.0118,-0.0016,-0.0044,-0.0334,-0.0113,-0.0037,-0.0034,-1e-04,-0.0049,-0.0011,-0.0061,-0.0015,-0.012,-0.0108,-0.0028,-0.0058,-0.0157,-0.0013,-0.0031,0.004,-6e-04,-0.0355,-0.0081,-0.0041,0.0144,-0.0164,-0.0088,-0.0207,-0.0291,-0.008,-0.0182,0.0047,-0.0024,-0.0147,-0.0066,-0.0059,-0.0042,0.001,-0.0094,-0.0279,-0.0117,-0.0175
19701215,-0.0018,0.0035,-0.0021,1e-04,-0.0054,-6e-04,-0.0025,-0.0135,-0.0107,-6e-04,-0.002,0.0037,0.015,-0.0041,-0.0016,-9e-04,0.0105,-0.0034,0.0027,-0.0027,-0.0038,-0.0029,-0.0076,-0.0014,-0.0087,0.0043,0.0054,0.0239,-0.0042,-1e-04,-0.0082,-2e-04,0.0176,0.0143,0.0015,-0.0025,0.012,-0.0088,-0.0166,-0.0032,-7e-04,1e-04,-1e-04,-0.0047,0.0013,-0.0026,0.0054,0.006,-0.0068,0.0245
19701216,0.0012,-0.0119,0.0012,2e-04,-1e-04,-0.0012,-2e-04,0.0061,0.0051,-0.0048,-1e-04,0.0069,0.0197,-8e-04,0.0059,-0.0067,-0.0012,0.002,0.0091,-0.0016,0.0068,0.0031,-0.0061,0.0111,-8e-04,-0.0022,0.0019,0.0021,0.0014,0.0326,1e-04,0.0016,0.001,0.0134,-0.0037,0.0062,0.0355,3e-04,0.0017,-0.0133,9e-04,6e-04,-0.0054,-9e-04,-0.0025,-0.0028,-3e-04,0.0149,3e-04,8e-04
19701217,0.0031,0.003,0.0042,-0.0011,-0.002,0.0081,0.0075,-0.0087,0.0058,-0.003,0.0081,0.0135,-0.0049,0.0102,0.0037,0.0102,0.01,0.0079,-0.0018,0.0077,0.0094,0.0049,-2e-04,0.0047,0,-0.0104,0.0097,-0.0189,0.0093,-0.0152,0.0054,0.0047,-0.0019,0.0038,0.0049,4e-04,-0.0171,0.0012,0.0139,-0.0012,0.0026,0.0019,1e-04,0.0013,-0.0011,0.0051,0.0163,0.0056,0.0036,0.0238
19701218,0.0021,0.0019,0.0012,-0.0012,-0.0037,0.0095,-0.0012,-0.0133,-0.0085,6e-04,0.0014,-0.0045,-0.002,-0.0022,0.0028,-0.0034,0.016,0.0048,-0.0013,-0.0025,0.0278,0.0039,0.0017,0.0016,-0.0021,0.0073,0.0071,-0.0127,0.0054,-0.0097,6e-04,0.0049,0.0032,-0.0124,0.0033,0.0061,-0.0291,7e-04,-0.013,0.0057,0.0075,-0.0011,0.0025,0.004,0.0065,0.0067,0.0093,0.0088,0.0057,0.033
19701221,-0.0029,0.0047,0.0021,-0.0047,-0.0021,0.0027,-0.0034,0.0032,0.0026,-0.0051,0.0068,-0.01,-0.0102,-0.0019,-2e-04,0.002,0.0061,-0.0016,0.0076,-0.0042,-0.0023,-0.0021,-0.0075,-0.0012,-0.0112,-0.0071,-0.0095,-0.0032,0.0062,-0.0143,-0.0039,-0.002,-0.0132,-0.0116,0,0.0047,-0.018,-0.0072,-0.0065,-0.0033,-0.0118,-0.003,-0.0044,-0.0031,-0.0024,8e-04,0,-4e-04,0.0038,0.0411
19701222,0.0012,-0.0082,0.0016,-0.0036,-2e-04,-0.0048,-0.0058,-0.0013,0.0045,-0.0014,0.005,0.0153,-0.0079,-1e-04,0.0024,0.0036,0.0083,0.0046,0.0068,-0.0036,0.0126,0.0031,0.0022,0.0022,-0.0016,0.0117,0.0043,-0.0162,0.0022,-0.003,-0.0021,0.0044,0.0144,-0.0119,-0.0011,-0.0018,0,-1e-04,-0.0071,0.0075,0.0035,0.0024,-1e-04,-6e-04,-0.014,0.0046,0.0084,-0.0086,0.0109,0.0304
19701223,0.0015,0.0037,5e-04,-0.0057,-0.0021,-0.0109,6e-04,-0.0013,-0.0039,0.001,-8e-04,0.0193,0.0064,0,0.0034,0.0022,0.0102,0.0049,0.0011,0.0042,-0.0097,0.0025,0.0039,-0.0013,0.0048,0.009,-0.0059,-0.0135,0.0059,0.0072,-1e-04,0.003,0.0074,0.0066,-7e-04,-0.007,0.0244,0.0046,0.007,0.0179,7e-04,6e-04,0.0172,-0.0017,0.0029,0.0115,0.0198,0.0069,0.0078,0.0201
19701224,0.0069,-0.0015,0.0015,0.0032,0.0054,0.0229,0.0074,0.0183,0.0169,0.0077,0.0169,0.0216,0.003,0.0043,0.0105,0.0138,0.0042,0.0097,0.019,0.0161,0.0074,0.0073,0.0101,0.0038,0.0164,0.0091,0.0169,0.0081,0.0139,0.0274,0.0043,0.0043,0.0012,0.0194,0.009,0.0088,0.0238,0.0117,0.0118,0.0054,0.0059,0.0151,0.0181,0.006,0.0134,0.0105,0.0127,0.0276,0.0076,0.0186
19701228,0.0053,0.0226,0.0056,0.0072,0.0041,0.0108,7e-04,0.021,0.0078,0.0014,0.0049,0.0071,0.002,7e-04,0.0049,0.0114,0.0023,0.007,0.0125,0.0084,-0.0062,0.008,0.0026,0.0038,0.0077,0.0016,-0.0076,4e-04,0.0091,0.0188,0.0049,0.0034,0.0093,0.0082,0.0075,0.0097,-0.0058,0.0089,0.0117,0.0012,0.0043,0.0166,0.0074,0.003,7e-04,0.0066,-0.0024,-0.0057,0.0115,-0.0031
19701229,0.0111,0.019,0.0095,0.0075,0.0071,0.0038,0.0093,0.0181,0.0242,0.0165,0.0113,0.016,0.0159,0.0083,0.0074,0.0182,0.009,0.0161,0.0149,0.0185,0.0018,0.0119,0.0163,0.0141,0.0207,0.0171,0.0103,0.0214,0.0093,0.038,0.0105,0.0076,0.005,0.0302,0.0181,0.0075,0.076,0.0113,0.0023,-0.0069,0.0122,0.0411,0.0229,0.0046,0.0162,0.0061,0.0131,0.0222,0.0176,0.0064
19701230,0.0018,-0.0247,-0.0018,0.0112,-0.0051,-9e-04,0.0022,-1e-04,0.015,0.0049,0.0042,8e-04,-1e-04,0.0039,0.0029,0.0105,-0.0028,0.0031,0.0058,0.0045,0.0012,0.0082,-0.0027,0.0024,0.0069,-0.0041,0.0033,-0.0079,0.0057,-0.0033,0.004,0.003,-0.0106,0.0052,-0.0016,-0.0033,-0.0326,0.0033,0.0018,0.0056,0.0048,0.0012,0.003,0.0055,0.0103,0.0017,0.0041,0.0032,0.0042,-0.0517
19701231,-0.001,0.0078,0.0051,-0.0069,-0.0034,-0.0135,0.0015,-5e-04,-8e-04,0.0058,-0.0076,0.0243,8e-04,0.0031,-0.0025,0.0034,-6e-04,0.0024,4e-04,-3e-04,-0.0087,0,-0.0056,-0.0075,0.0049,-8e-04,0.0012,0.0216,-2e-04,-0.0048,0.001,0.0022,-0.0127,0.0066,3e-04,-0.0047,-0.0281,-9e-04,0.0113,-0.0014,0.0022,0.0011,0.0031,0.0015,0.003,-0.0048,0.005,-0.0131,-0.0031,-0.0179
